,Stock,Date
0,AREC,2020-10-30 09:30:00-04:00
1,MGI,2020-10-30 09:30:00-04:00
2,EQ,2020-10-30 09:30:00-04:00
3,TRVN,2020-10-30 09:30:00-04:00
4,IPHI,2020-10-29 09:30:00-04:00
5,ONCS,2020-10-29 09:30:00-04:00
6,VSTM,2020-10-29 09:30:00-04:00
7,XSPA,2020-10-28 09:30:00-04:00
8,OPGN,2020-10-28 09:30:00-04:00
9,ASTC,2020-10-28 09:30:00-04:00
10,APTX,2020-10-28 09:30:00-04:00
11,TUP,2020-10-28 09:30:00-04:00
12,GMBL,2020-10-26 09:30:00-04:00
13,BSGM,2020-10-26 09:30:00-04:00
14,KNDI,2020-10-26 09:30:00-04:00
15,XSPA,2020-10-26 09:30:00-04:00
16,ALRN,2020-10-26 09:30:00-04:00
17,SLDB,2020-10-23 09:30:00-04:00
18,LLNW,2020-10-23 09:30:00-04:00
19,BIMI,2020-10-23 09:30:00-04:00
20,EVK,2020-10-23 09:30:00-04:00
21,AMTX,2020-10-23 09:30:00-04:00
22,SQBG,2020-10-22 09:30:00-04:00
23,AMRS,2020-10-22 09:30:00-04:00
24,KNDI,2020-10-22 09:30:00-04:00
25,ADIL,2020-10-22 09:30:00-04:00
26,ALRN,2020-10-22 09:30:00-04:00
27,EVK,2020-10-22 09:30:00-04:00
28,BPTH,2020-10-22 09:30:00-04:00
29,AVCO,2020-10-22 09:30:00-04:00
30,UONE,2020-10-22 09:30:00-04:00
31,SNGX,2020-10-22 09:30:00-04:00
32,ASTC,2020-10-22 09:30:00-04:00
33,ASTC,2020-10-21 09:30:00-04:00
34,NTWK,2020-10-21 09:30:00-04:00
35,GRNQ,2020-10-21 09:30:00-04:00
36,CBLI,2020-10-20 09:30:00-04:00
37,APTX,2020-10-20 09:30:00-04:00
38,JAKK,2020-10-20 09:30:00-04:00
39,ACOR,2020-10-20 09:30:00-04:00
40,THMO,2020-10-19 09:30:00-04:00
41,BIMI,2020-10-19 09:30:00-04:00
42,KXIN,2020-10-19 09:30:00-04:00
43,RESI,2020-10-19 09:30:00-04:00
44,EDSA,2020-10-19 09:30:00-04:00
45,GTT,2020-10-16 09:30:00-04:00
46,NAV,2020-10-16 09:30:00-04:00
47,CIT,2020-10-16 09:30:00-04:00
48,EIGR,2020-10-15 09:30:00-04:00
49,AVXL,2020-10-15 09:30:00-04:00
50,AREC,2020-10-15 09:30:00-04:00
51,IPDN,2020-10-15 09:30:00-04:00
52,ATEC,2020-10-14 09:30:00-04:00
53,IDXG,2020-10-14 09:30:00-04:00
54,ALT,2020-10-13 09:30:00-04:00
55,SOS,2020-10-13 09:30:00-04:00
56,PECK,2020-10-13 09:30:00-04:00
57,INMD,2020-10-13 09:30:00-04:00
58,BRQS,2020-10-12 09:30:00-04:00
59,LMPX,2020-10-12 09:30:00-04:00
60,MMLP,2020-10-09 09:30:00-04:00
61,WWR,2020-10-09 09:30:00-04:00
62,MVIS,2020-10-09 09:30:00-04:00
63,EV,2020-10-08 09:30:00-04:00
64,UONE,2020-10-08 09:30:00-04:00
65,IO,2020-10-08 09:30:00-04:00
66,CPSS,2020-10-08 09:30:00-04:00
67,IPDN,2020-10-08 09:30:00-04:00
68,PPSI,2020-10-07 09:30:00-04:00
69,POLA,2020-10-07 09:30:00-04:00
70,AREC,2020-10-07 09:30:00-04:00
71,RAVE,2020-10-07 09:30:00-04:00
72,PECK,2020-10-07 09:30:00-04:00
73,AXGT,2020-10-06 09:30:00-04:00
74,VIR,2020-10-06 09:30:00-04:00
75,PPSI,2020-10-06 09:30:00-04:00
76,WWR,2020-10-06 09:30:00-04:00
77,CBAT,2020-10-06 09:30:00-04:00
78,POLA,2020-10-06 09:30:00-04:00
79,CLSK,2020-10-06 09:30:00-04:00
80,MGI,2020-10-06 09:30:00-04:00
81,MICT,2020-10-06 09:30:00-04:00
82,FCEL,2020-10-06 09:30:00-04:00
83,MYOK,2020-10-05 09:30:00-04:00
84,ENLV,2020-10-05 09:30:00-04:00
85,LAC,2020-10-05 09:30:00-04:00
86,KOS,2020-10-05 09:30:00-04:00
87,WWR,2020-10-05 09:30:00-04:00
88,IMGN,2020-10-05 09:30:00-04:00
89,GRNQ,2020-10-05 09:30:00-04:00
90,GAN,2020-10-05 09:30:00-04:00
91,LTHM,2020-10-05 09:30:00-04:00
92,BIOC,2020-10-05 09:30:00-04:00
93,BOXL,2020-10-05 09:30:00-04:00
94,CRVS,2020-10-05 09:30:00-04:00
95,VXRT,2020-10-02 09:30:00-04:00
96,ADIL,2020-10-02 09:30:00-04:00
97,NBEV,2020-10-02 09:30:00-04:00
98,CEMI,2020-10-02 09:30:00-04:00
99,HMHC,2020-10-01 09:30:00-04:00
100,ECOR,2020-10-01 09:30:00-04:00
101,SLDB,2020-10-01 09:30:00-04:00
102,BBBY,2020-10-01 09:30:00-04:00
103,AEL,2020-10-01 09:30:00-04:00
104,CPE,2020-10-01 09:30:00-04:00
105,ENLV,2020-10-01 09:30:00-04:00
106,AYTU,2020-10-01 09:30:00-04:00
107,WWR,2020-10-01 09:30:00-04:00
108,DGLY,2020-10-01 09:30:00-04:00
109,ITRM,2020-09-30 09:30:00-04:00
110,OPGN,2020-09-30 09:30:00-04:00
111,ECOR,2020-09-30 09:30:00-04:00
112,CTIC,2020-09-30 09:30:00-04:00
113,BHTG,2020-09-30 09:30:00-04:00
114,WATT,2020-09-30 09:30:00-04:00
115,GRNQ,2020-09-29 09:30:00-04:00
116,BIOC,2020-09-29 09:30:00-04:00
117,CBAT,2020-09-28 09:30:00-04:00
118,UONE,2020-09-28 09:30:00-04:00
119,POLA,2020-09-28 09:30:00-04:00
120,BYFC,2020-09-28 09:30:00-04:00
121,OPGN,2020-09-28 09:30:00-04:00
122,XSPA,2020-09-25 09:30:00-04:00
123,CBAT,2020-09-25 09:30:00-04:00
124,POLA,2020-09-25 09:30:00-04:00
125,BOXL,2020-09-25 09:30:00-04:00
126,POLA,2020-09-24 09:30:00-04:00
127,VCNX,2020-09-22 09:30:00-04:00
128,BOXL,2020-09-22 09:30:00-04:00
129,BLNK,2020-09-22 09:30:00-04:00
130,CLRO,2020-09-18 09:30:00-04:00
131,GMBL,2020-09-17 09:30:00-04:00
132,VCNX,2020-09-17 09:30:00-04:00
133,KOPN,2020-09-16 09:30:00-04:00
134,BIOC,2020-09-16 09:30:00-04:00
135,KODK,2020-09-16 09:30:00-04:00
136,EQ,2020-09-15 09:30:00-04:00
137,FTFT,2020-09-15 09:30:00-04:00
138,RRD,2020-09-15 09:30:00-04:00
139,JAKK,2020-09-15 09:30:00-04:00
140,MRNS,2020-09-14 09:30:00-04:00
141,SAVA,2020-09-14 09:30:00-04:00
142,VBLT,2020-09-11 09:30:00-04:00
143,NWGI,2020-09-09 09:30:00-04:00
144,SBBP,2020-09-08 09:30:00-04:00
145,LUB,2020-09-08 09:30:00-04:00
146,VXRT,2020-09-08 09:30:00-04:00
147,ADMA,2020-09-03 09:30:00-04:00
148,SNSS,2020-09-03 09:30:00-04:00
149,HGSH,2020-09-02 09:30:00-04:00
150,AESE,2020-09-02 09:30:00-04:00
151,VRA,2020-09-02 09:30:00-04:00
152,REKR,2020-09-02 09:30:00-04:00
153,KODK,2020-09-01 09:30:00-04:00
154,JNCE,2020-09-01 09:30:00-04:00
155,PRTH,2020-09-01 09:30:00-04:00
156,UTSI,2020-08-31 09:30:00-04:00
157,BOXL,2020-08-31 09:30:00-04:00
158,TRVN,2020-08-28 09:30:00-04:00
159,ZAGG,2020-08-27 09:30:00-04:00
160,UONE,2020-08-27 09:30:00-04:00
161,HTBX,2020-08-26 09:30:00-04:00
162,GMBL,2020-08-26 09:30:00-04:00
163,GERN,2020-08-26 09:30:00-04:00
164,TYME,2020-08-26 09:30:00-04:00
165,HTBX,2020-08-25 09:30:00-04:00
166,QEP,2020-08-25 09:30:00-04:00
167,RNWK,2020-08-25 09:30:00-04:00
168,OVID,2020-08-25 09:30:00-04:00
169,UONE,2020-08-25 09:30:00-04:00
170,XSPA,2020-08-24 09:30:00-04:00
171,ADMA,2020-08-24 09:30:00-04:00
172,BRQS,2020-08-24 09:30:00-04:00
173,TRVN,2020-08-24 09:30:00-04:00
174,THMO,2020-08-24 09:30:00-04:00
175,TTOO,2020-08-24 09:30:00-04:00
176,SAVA,2020-08-24 09:30:00-04:00
177,CLBS,2020-08-21 09:30:00-04:00
178,OPGN,2020-08-20 09:30:00-04:00
179,AESE,2020-08-20 09:30:00-04:00
180,MNPR,2020-08-19 09:30:00-04:00
181,AESE,2020-08-19 09:30:00-04:00
182,WATT,2020-08-19 09:30:00-04:00
183,AVCO,2020-08-19 09:30:00-04:00
184,RESN,2020-08-18 09:30:00-04:00
185,IMBI,2020-08-18 09:30:00-04:00
186,OTIC,2020-08-18 09:30:00-04:00
187,MBOT,2020-08-17 09:30:00-04:00
188,WTRH,2020-08-17 09:30:00-04:00
189,ABEO,2020-08-17 09:30:00-04:00
190,CIDM,2020-08-17 09:30:00-04:00
191,LMPX,2020-08-17 09:30:00-04:00
192,MBIO,2020-08-17 09:30:00-04:00
193,RMBL,2020-08-14 09:30:00-04:00
194,FAT,2020-08-13 09:30:00-04:00
195,PHUN,2020-08-13 09:30:00-04:00
196,HTBX,2020-08-13 09:30:00-04:00
197,MGI,2020-08-13 09:30:00-04:00
198,THMO,2020-08-13 09:30:00-04:00
199,BIOC,2020-08-13 09:30:00-04:00
200,WATT,2020-08-13 09:30:00-04:00
201,XSPA,2020-08-13 09:30:00-04:00
202,WORX,2020-08-13 09:30:00-04:00
203,MNPR,2020-08-12 09:30:00-04:00
204,BOXL,2020-08-12 09:30:00-04:00
205,AVCO,2020-08-12 09:30:00-04:00
206,BMRA,2020-08-12 09:30:00-04:00
207,EYEG,2020-08-12 09:30:00-04:00
208,VBLT,2020-08-12 09:30:00-04:00
209,KODK,2020-08-11 09:30:00-04:00
210,PRPH,2020-08-11 09:30:00-04:00
211,FBIO,2020-08-11 09:30:00-04:00
212,EYEN,2020-08-11 09:30:00-04:00
213,ETON,2020-08-11 09:30:00-04:00
214,IDEX,2020-08-10 09:30:00-04:00
215,HOTH,2020-08-10 09:30:00-04:00
216,ETON,2020-08-10 09:30:00-04:00
217,CEMI,2020-08-10 09:30:00-04:00
218,SNCR,2020-08-10 09:30:00-04:00
219,ACRX,2020-08-10 09:30:00-04:00
220,OPGN,2020-08-10 09:30:00-04:00
221,TRVN,2020-08-10 09:30:00-04:00
222,HBP,2020-08-07 09:30:00-04:00
223,ZSAN,2020-08-07 09:30:00-04:00
224,OPGN,2020-08-07 09:30:00-04:00
225,TRVN,2020-08-07 09:30:00-04:00
226,PRTY,2020-08-06 09:30:00-04:00
227,AVCT,2020-08-06 09:30:00-04:00
228,BIOC,2020-08-06 09:30:00-04:00
229,WLL,2020-08-05 09:30:00-04:00
230,RIOT,2020-08-05 09:30:00-04:00
231,IEA,2020-08-05 09:30:00-04:00
232,TTOO,2020-08-05 09:30:00-04:00
233,MVIS,2020-08-05 09:30:00-04:00
234,COCP,2020-08-04 09:30:00-04:00
235,BLNK,2020-08-04 09:30:00-04:00
236,BYFC,2020-08-04 09:30:00-04:00
237,JAKK,2020-08-03 09:30:00-04:00
238,IMUX,2020-08-03 09:30:00-04:00
239,CBAY,2020-08-03 09:30:00-04:00
240,KODK,2020-08-03 09:30:00-04:00
241,DTSS,2020-08-03 09:30:00-04:00
242,TYME,2020-08-03 09:30:00-04:00
243,ZVO,2020-08-03 09:30:00-04:00
244,HTBX,2020-08-03 09:30:00-04:00
245,TRVN,2020-08-03 09:30:00-04:00
246,HOTH,2020-07-31 09:30:00-04:00
247,CTSO,2020-07-31 09:30:00-04:00
248,ECOR,2020-07-31 09:30:00-04:00
249,FBIO,2020-07-31 09:30:00-04:00
250,GMBL,2020-07-31 09:30:00-04:00
251,MARK,2020-07-31 09:30:00-04:00
252,EDSA,2020-07-30 09:30:00-04:00
253,MRNS,2020-07-30 09:30:00-04:00
254,OSTK,2020-07-30 09:30:00-04:00
255,BLNK,2020-07-30 09:30:00-04:00
256,KODK,2020-07-30 09:30:00-04:00
257,TUP,2020-07-29 09:30:00-04:00
258,KODK,2020-07-29 09:30:00-04:00
259,HTBX,2020-07-29 09:30:00-04:00
260,BOXL,2020-07-28 09:30:00-04:00
261,SNGX,2020-07-28 09:30:00-04:00
262,KODK,2020-07-28 09:30:00-04:00
263,ECOR,2020-07-28 09:30:00-04:00
264,GNCA,2020-07-27 09:30:00-04:00
265,TCRR,2020-07-27 09:30:00-04:00
266,RIOT,2020-07-27 09:30:00-04:00
267,ONTX,2020-07-27 09:30:00-04:00
268,IDXG,2020-07-24 09:30:00-04:00
269,PTE,2020-07-24 09:30:00-04:00
270,MGEN,2020-07-24 09:30:00-04:00
271,LIVX,2020-07-23 09:30:00-04:00
272,CBAY,2020-07-23 09:30:00-04:00
273,BHTG,2020-07-22 09:30:00-04:00
274,BLNK,2020-07-22 09:30:00-04:00
275,WTRH,2020-07-22 09:30:00-04:00
276,GNCA,2020-07-22 09:30:00-04:00
277,OPGN,2020-07-21 09:30:00-04:00
278,CTIC,2020-07-21 09:30:00-04:00
279,TNXP,2020-07-21 09:30:00-04:00
280,ENZ,2020-07-21 09:30:00-04:00
281,MBRX,2020-07-21 09:30:00-04:00
282,BHTG,2020-07-21 09:30:00-04:00
283,HTBX,2020-07-21 09:30:00-04:00
284,TNXP,2020-07-20 09:30:00-04:00
285,BRQS,2020-07-20 09:30:00-04:00
286,CPIX,2020-07-20 09:30:00-04:00
287,VCNX,2020-07-20 09:30:00-04:00
288,HTBX,2020-07-20 09:30:00-04:00
289,RMBL,2020-07-20 09:30:00-04:00
290,HTBX,2020-07-17 09:30:00-04:00
291,CKPT,2020-07-17 09:30:00-04:00
292,BNED,2020-07-17 09:30:00-04:00
293,MVIS,2020-07-17 09:30:00-04:00
294,RMBL,2020-07-17 09:30:00-04:00
295,VCNX,2020-07-17 09:30:00-04:00
296,CTXR,2020-07-17 09:30:00-04:00
297,RRD,2020-07-16 09:30:00-04:00
298,BOXL,2020-07-16 09:30:00-04:00
299,FTFT,2020-07-16 09:30:00-04:00
300,MVIS,2020-07-16 09:30:00-04:00
301,WTRH,2020-07-15 09:30:00-04:00
302,PHUN,2020-07-15 09:30:00-04:00
303,IDEX,2020-07-15 09:30:00-04:00
304,CPTA,2020-07-15 09:30:00-04:00
305,CLSN,2020-07-15 09:30:00-04:00
306,VXRT,2020-07-15 09:30:00-04:00
307,LIVX,2020-07-14 09:30:00-04:00
308,BOXL,2020-07-14 09:30:00-04:00
309,PRCP,2020-07-14 09:30:00-04:00
310,TTOO,2020-07-14 09:30:00-04:00
311,INMB,2020-07-14 09:30:00-04:00
312,OSS,2020-07-13 09:30:00-04:00
313,WKHS,2020-07-13 09:30:00-04:00
314,SAVA,2020-07-13 09:30:00-04:00
315,EQ,2020-07-13 09:30:00-04:00
316,CIDM,2020-07-13 09:30:00-04:00
317,ENZ,2020-07-13 09:30:00-04:00
318,BOXL,2020-07-13 09:30:00-04:00
319,INMD,2020-07-13 09:30:00-04:00
320,ALT,2020-07-13 09:30:00-04:00
321,ECOR,2020-07-13 09:30:00-04:00
322,CJJD,2020-07-10 09:30:00-04:00
323,JAKK,2020-07-10 09:30:00-04:00
324,ANIX,2020-07-10 09:30:00-04:00
325,BGFV,2020-07-09 09:30:00-04:00
326,ALT,2020-07-09 09:30:00-04:00
327,AESE,2020-07-09 09:30:00-04:00
328,OTIC,2020-07-09 09:30:00-04:00
329,CLSK,2020-07-09 09:30:00-04:00
330,OTLK,2020-07-09 09:30:00-04:00
331,CRVS,2020-07-08 09:30:00-04:00
332,ABEO,2020-07-08 09:30:00-04:00
333,HOTH,2020-07-08 09:30:00-04:00
334,PRTY,2020-07-08 09:30:00-04:00
335,COCP,2020-07-08 09:30:00-04:00
336,GMBL,2020-07-07 09:30:00-04:00
337,CRVS,2020-07-07 09:30:00-04:00
338,ALDX,2020-07-07 09:30:00-04:00
339,VXRT,2020-07-07 09:30:00-04:00
340,POLA,2020-07-06 09:30:00-04:00
341,BLNK,2020-07-06 09:30:00-04:00
342,BYFC,2020-07-06 09:30:00-04:00
343,TTOO,2020-07-06 09:30:00-04:00
344,WTRH,2020-07-06 09:30:00-04:00
345,IDXG,2020-07-02 09:30:00-04:00
346,MMLP,2020-07-02 09:30:00-04:00
347,XERS,2020-07-02 09:30:00-04:00
348,POLA,2020-07-02 09:30:00-04:00
349,VERO,2020-07-02 09:30:00-04:00
350,YRCW,2020-07-01 09:30:00-04:00
351,BYFC,2020-07-01 09:30:00-04:00
352,TTOO,2020-07-01 09:30:00-04:00
353,BLNK,2020-06-30 09:30:00-04:00
354,WKHS,2020-06-30 09:30:00-04:00
355,POLA,2020-06-30 09:30:00-04:00
356,BYFC,2020-06-30 09:30:00-04:00
357,UONE,2020-06-30 09:30:00-04:00
358,BHTG,2020-06-30 09:30:00-04:00
359,HOTH,2020-06-30 09:30:00-04:00
360,SALM,2020-06-30 09:30:00-04:00
361,QUMU,2020-06-30 09:30:00-04:00
362,CLSK,2020-06-29 09:30:00-04:00
363,VXRT,2020-06-29 09:30:00-04:00
364,WKHS,2020-06-29 09:30:00-04:00
365,IDEX,2020-06-29 09:30:00-04:00
366,BLNK,2020-06-29 09:30:00-04:00
367,ITRM,2020-06-29 09:30:00-04:00
368,PHUN,2020-06-29 09:30:00-04:00
369,BHTG,2020-06-29 09:30:00-04:00
370,XSPA,2020-06-29 09:30:00-04:00
371,ALT,2020-06-29 09:30:00-04:00
372,APTX,2020-06-26 09:30:00-04:00
373,PHUN,2020-06-26 09:30:00-04:00
374,SNGX,2020-06-26 09:30:00-04:00
375,CTXR,2020-06-26 09:30:00-04:00
376,UTSI,2020-06-26 09:30:00-04:00
377,EKSO,2020-06-26 09:30:00-04:00
378,VXRT,2020-06-26 09:30:00-04:00
379,JAKK,2020-06-25 09:30:00-04:00
380,AVCO,2020-06-25 09:30:00-04:00
381,EKSO,2020-06-25 09:30:00-04:00
382,SNGX,2020-06-24 09:30:00-04:00
383,UONE,2020-06-23 09:30:00-04:00
384,VBLT,2020-06-22 09:30:00-04:00
385,MVIS,2020-06-22 09:30:00-04:00
386,ALPN,2020-06-22 09:30:00-04:00
387,IDEX,2020-06-22 09:30:00-04:00
388,CIDM,2020-06-22 09:30:00-04:00
389,GRNQ,2020-06-22 09:30:00-04:00
390,EVOK,2020-06-22 09:30:00-04:00
391,BYFC,2020-06-22 09:30:00-04:00
392,OVID,2020-06-19 09:30:00-04:00
393,AEMD,2020-06-19 09:30:00-04:00
394,IDEX,2020-06-19 09:30:00-04:00
395,SALM,2020-06-19 09:30:00-04:00
396,BYFC,2020-06-19 09:30:00-04:00
397,ALPN,2020-06-19 09:30:00-04:00
398,CIDM,2020-06-19 09:30:00-04:00
399,UONE,2020-06-19 09:30:00-04:00
400,ALPN,2020-06-18 09:30:00-04:00
401,IDEX,2020-06-18 09:30:00-04:00
402,BRQS,2020-06-18 09:30:00-04:00
403,AEMD,2020-06-18 09:30:00-04:00
404,SELB,2020-06-18 09:30:00-04:00
405,ORN,2020-06-18 09:30:00-04:00
406,OESX,2020-06-18 09:30:00-04:00
407,AESE,2020-06-18 09:30:00-04:00
408,LIVX,2020-06-18 09:30:00-04:00
409,IMAC,2020-06-17 09:30:00-04:00
410,UONE,2020-06-17 09:30:00-04:00
411,MGEN,2020-06-17 09:30:00-04:00
412,WATT,2020-06-17 09:30:00-04:00
413,SALM,2020-06-17 09:30:00-04:00
414,BYFC,2020-06-17 09:30:00-04:00
415,WTER,2020-06-17 09:30:00-04:00
416,ACRS,2020-06-17 09:30:00-04:00
417,MKGI,2020-06-16 09:30:00-04:00
418,PHUN,2020-06-16 09:30:00-04:00
419,UONE,2020-06-16 09:30:00-04:00
420,JAKK,2020-06-16 09:30:00-04:00
421,BMRA,2020-06-16 09:30:00-04:00
422,CLDX,2020-06-16 09:30:00-04:00
423,CLSK,2020-06-16 09:30:00-04:00
424,HEAR,2020-06-16 09:30:00-04:00
425,GRNQ,2020-06-16 09:30:00-04:00
426,COCP,2020-06-16 09:30:00-04:00
427,SAVA,2020-06-16 09:30:00-04:00
428,HGSH,2020-06-15 09:30:00-04:00
429,CIDM,2020-06-15 09:30:00-04:00
430,BHTG,2020-06-15 09:30:00-04:00
431,EDSA,2020-06-15 09:30:00-04:00
432,TTOO,2020-06-12 09:30:00-04:00
433,QEP,2020-06-12 09:30:00-04:00
434,PRTY,2020-06-12 09:30:00-04:00
435,PHUN,2020-06-12 09:30:00-04:00
436,WLL,2020-06-12 09:30:00-04:00
437,BRQS,2020-06-12 09:30:00-04:00
438,XSPA,2020-06-12 09:30:00-04:00
439,BLNK,2020-06-11 09:30:00-04:00
440,THMO,2020-06-11 09:30:00-04:00
441,XSPA,2020-06-11 09:30:00-04:00
442,GRNQ,2020-06-11 09:30:00-04:00
443,LIVX,2020-06-10 09:30:00-04:00
444,CIDM,2020-06-10 09:30:00-04:00
445,CRIS,2020-06-10 09:30:00-04:00
446,AVCT,2020-06-10 09:30:00-04:00
447,EYES,2020-06-09 09:30:00-04:00
448,OPGN,2020-06-09 09:30:00-04:00
449,ENG,2020-06-09 09:30:00-04:00
450,WLL,2020-06-08 09:30:00-04:00
451,KLXE,2020-06-08 09:30:00-04:00
452,ENOB,2020-06-08 09:30:00-04:00
453,QEP,2020-06-08 09:30:00-04:00
454,IO,2020-06-08 09:30:00-04:00
455,EYES,2020-06-08 09:30:00-04:00
456,EVFM,2020-06-08 09:30:00-04:00
457,CIDM,2020-06-08 09:30:00-04:00
458,AVCO,2020-06-08 09:30:00-04:00
459,PRTY,2020-06-08 09:30:00-04:00
460,AHT,2020-06-08 09:30:00-04:00
461,TTOO,2020-06-05 09:30:00-04:00
462,PRTY,2020-06-05 09:30:00-04:00
463,XSPA,2020-06-05 09:30:00-04:00
464,QEP,2020-06-05 09:30:00-04:00
465,ALDX,2020-06-04 09:30:00-04:00
466,LUB,2020-06-04 09:30:00-04:00
467,XSPA,2020-06-04 09:30:00-04:00
468,LIVX,2020-06-04 09:30:00-04:00
469,CIDM,2020-06-04 09:30:00-04:00
470,OPGN,2020-06-03 09:30:00-04:00
471,SAVA,2020-06-03 09:30:00-04:00
472,RNWK,2020-06-03 09:30:00-04:00
473,BHTG,2020-06-02 09:30:00-04:00
474,TRVN,2020-06-02 09:30:00-04:00
475,MGI,2020-06-02 09:30:00-04:00
476,IDRA,2020-06-02 09:30:00-04:00
477,ANIX,2020-06-01 09:30:00-04:00
478,PTI,2020-06-01 09:30:00-04:00
479,ALT,2020-06-01 09:30:00-04:00
480,CTIC,2020-06-01 09:30:00-04:00
481,AESE,2020-06-01 09:30:00-04:00
482,AVEO,2020-05-29 09:30:00-04:00
483,CLSN,2020-05-29 09:30:00-04:00
484,PRTY,2020-05-29 09:30:00-04:00
485,CERC,2020-05-28 09:30:00-04:00
486,PHUN,2020-05-27 09:30:00-04:00
487,MARK,2020-05-27 09:30:00-04:00
488,IMBI,2020-05-27 09:30:00-04:00
489,SEAC,2020-05-27 09:30:00-04:00
490,GRNQ,2020-05-27 09:30:00-04:00
491,MARK,2020-05-26 09:30:00-04:00
492,EVFM,2020-05-26 09:30:00-04:00
493,SAVA,2020-05-26 09:30:00-04:00
494,XSPA,2020-05-22 09:30:00-04:00
495,PHUN,2020-05-22 09:30:00-04:00
496,PHUN,2020-05-21 09:30:00-04:00
497,CLSK,2020-05-21 09:30:00-04:00
498,CIDM,2020-05-21 09:30:00-04:00
499,ALDX,2020-05-20 09:30:00-04:00
500,EVOK,2020-05-20 09:30:00-04:00
501,HOTH,2020-05-20 09:30:00-04:00
502,VXRT,2020-05-20 09:30:00-04:00
503,SURF,2020-05-20 09:30:00-04:00
504,WATT,2020-05-19 09:30:00-04:00
505,HOTH,2020-05-19 09:30:00-04:00
506,CEMI,2020-05-18 09:30:00-04:00
507,SAVA,2020-05-18 09:30:00-04:00
508,RNWK,2020-05-18 09:30:00-04:00
509,PSTI,2020-05-14 09:30:00-04:00
510,GMBL,2020-05-13 09:30:00-04:00
511,CBAY,2020-05-12 09:30:00-04:00
512,MARK,2020-05-12 09:30:00-04:00
513,RIOT,2020-05-12 09:30:00-04:00
514,YRCW,2020-05-12 09:30:00-04:00
515,BLPH,2020-05-11 09:30:00-04:00
516,PSTI,2020-05-08 09:30:00-04:00
517,VUZI,2020-05-08 09:30:00-04:00
518,FBIO,2020-05-08 09:30:00-04:00
519,BMRA,2020-05-07 09:30:00-04:00
520,WTRH,2020-05-07 09:30:00-04:00
521,VUZI,2020-05-07 09:30:00-04:00
522,OVID,2020-05-07 09:30:00-04:00
523,IO,2020-05-07 09:30:00-04:00
524,MVIS,2020-05-05 09:30:00-04:00
525,GNPX,2020-05-05 09:30:00-04:00
526,CLSK,2020-05-05 09:30:00-04:00
527,YGYI,2020-05-04 09:30:00-04:00
528,KLXE,2020-05-04 09:30:00-04:00
529,ANIX,2020-05-04 09:30:00-04:00
530,OSTK,2020-04-30 09:30:00-04:00
531,VXRT,2020-04-30 09:30:00-04:00
532,ACRX,2020-04-30 09:30:00-04:00
533,SNGX,2020-04-30 09:30:00-04:00
534,WLL,2020-04-29 09:30:00-04:00
535,BWEN,2020-04-29 09:30:00-04:00
536,CMRX,2020-04-29 09:30:00-04:00
537,DARE,2020-04-28 09:30:00-04:00
538,BWEN,2020-04-28 09:30:00-04:00
539,MEDS,2020-04-27 09:30:00-04:00
540,MMLP,2020-04-27 09:30:00-04:00
541,VCNX,2020-04-27 09:30:00-04:00
542,PSTI,2020-04-24 09:30:00-04:00
543,THMO,2020-04-24 09:30:00-04:00
544,SAVA,2020-04-23 09:30:00-04:00
545,ENZ,2020-04-23 09:30:00-04:00
546,WLL,2020-04-23 09:30:00-04:00
547,BRQS,2020-04-23 09:30:00-04:00
548,IMUX,2020-04-22 09:30:00-04:00
549,BIMI,2020-04-21 09:30:00-04:00
550,OPGN,2020-04-21 09:30:00-04:00
551,AVCT,2020-04-21 09:30:00-04:00
552,WATT,2020-04-21 09:30:00-04:00
553,LIFE,2020-04-21 09:30:00-04:00
554,VXRT,2020-04-21 09:30:00-04:00
555,BRQS,2020-04-20 09:30:00-04:00
556,MBRX,2020-04-20 09:30:00-04:00
557,EDSA,2020-04-20 09:30:00-04:00
558,AVCO,2020-04-20 09:30:00-04:00
559,AVCT,2020-04-20 09:30:00-04:00
560,OPGN,2020-04-16 09:30:00-04:00
561,SNGX,2020-04-16 09:30:00-04:00
562,THMO,2020-04-16 09:30:00-04:00
563,PULM,2020-04-16 09:30:00-04:00
564,CEMI,2020-04-16 09:30:00-04:00
565,BIMI,2020-04-15 09:30:00-04:00
566,CEMI,2020-04-15 09:30:00-04:00
567,MBRX,2020-04-14 09:30:00-04:00
568,NBEV,2020-04-14 09:30:00-04:00
569,ATHX,2020-04-13 09:30:00-04:00
570,YGYI,2020-04-13 09:30:00-04:00
571,CTSO,2020-04-13 09:30:00-04:00
572,WORX,2020-04-13 09:30:00-04:00
573,PSTI,2020-04-13 09:30:00-04:00
574,BSGM,2020-04-09 09:30:00-04:00
575,TUP,2020-04-09 09:30:00-04:00
576,CLSK,2020-04-09 09:30:00-04:00
577,MBRX,2020-04-09 09:30:00-04:00
578,PSTI,2020-04-09 09:30:00-04:00
579,MBRX,2020-04-08 09:30:00-04:00
580,PSTI,2020-04-07 09:30:00-04:00
581,OSTK,2020-04-06 09:30:00-04:00
582,EXPR,2020-04-06 09:30:00-04:00
583,ONCS,2020-04-06 09:30:00-04:00
584,ECOR,2020-04-03 09:30:00-04:00
585,BMRA,2020-04-02 09:30:00-04:00
586,IO,2020-04-02 09:30:00-04:00
587,QUMU,2020-04-01 09:30:00-04:00
588,MEDS,2020-04-01 09:30:00-04:00
589,DTSS,2020-04-01 09:30:00-04:00
590,BIMI,2020-04-01 09:30:00-04:00
591,CEMI,2020-04-01 09:30:00-04:00
592,VXRT,2020-03-31 09:30:00-04:00
593,EYEG,2020-03-31 09:30:00-04:00
594,THMO,2020-03-31 09:30:00-04:00
595,ALT,2020-03-30 09:30:00-04:00
596,THMO,2020-03-30 09:30:00-04:00
597,BLPH,2020-03-30 09:30:00-04:00
598,WORX,2020-03-27 09:30:00-04:00
599,BIMI,2020-03-27 09:30:00-04:00
600,BSGM,2020-03-26 09:30:00-04:00
601,VXRT,2020-03-26 09:30:00-04:00
602,VBLT,2020-03-26 09:30:00-04:00
603,NBEV,2020-03-26 09:30:00-04:00
604,CTSO,2020-03-25 09:30:00-04:00
605,BMRA,2020-03-25 09:30:00-04:00
606,BSGM,2020-03-25 09:30:00-04:00
607,GNPX,2020-03-24 09:30:00-04:00
608,SNGX,2020-03-24 09:30:00-04:00
609,THMO,2020-03-24 09:30:00-04:00
610,IMAC,2020-03-24 09:30:00-04:00
611,MTBC,2020-03-24 09:30:00-04:00
612,ATHX,2020-03-24 09:30:00-04:00
613,SNGX,2020-03-23 09:30:00-04:00
614,APRN,2020-03-23 09:30:00-04:00
615,PULM,2020-03-23 09:30:00-04:00
616,WTRH,2020-03-23 09:30:00-04:00
617,HOTH,2020-03-23 09:30:00-04:00
618,ADMA,2020-03-23 09:30:00-04:00
619,MEDS,2020-03-23 09:30:00-04:00
620,BLPH,2020-03-20 09:30:00-04:00
621,BIMI,2020-03-20 09:30:00-04:00
622,CEMI,2020-03-20 09:30:00-04:00
623,BIMI,2020-03-19 09:30:00-04:00
624,APRN,2020-03-19 09:30:00-04:00
625,BMRA,2020-03-19 09:30:00-04:00
626,SNGX,2020-03-19 09:30:00-04:00
627,OPGN,2020-03-19 09:30:00-04:00
628,WTRH,2020-03-19 09:30:00-04:00
629,VXRT,2020-03-18 09:30:00-04:00
630,MGI,2020-03-18 09:30:00-04:00
631,BMRA,2020-03-18 09:30:00-04:00
632,APRN,2020-03-18 09:30:00-04:00
633,ATHX,2020-03-17 09:30:00-04:00
634,OBCI,2020-03-16 09:30:00-04:00
635,OPGN,2020-03-16 09:30:00-04:00
636,EXPR,2020-03-13 09:30:00-04:00
637,GNPX,2020-03-13 09:30:00-04:00
638,OSTK,2020-03-13 09:30:00-04:00
639,LJPC,2020-03-13 09:30:00-04:00
640,ZAGG,2020-03-13 09:30:00-04:00
641,PSTI,2020-03-12 09:30:00-04:00
642,ENZ,2020-03-12 09:30:00-04:00
643,CEMI,2020-03-12 09:30:00-04:00
644,OPGN,2020-03-11 09:30:00-04:00
645,GNPX,2020-03-10 09:30:00-04:00
646,COCP,2020-03-10 09:30:00-04:00
647,ENZ,2020-03-09 09:30:00-04:00
648,LPTH,2020-03-09 09:30:00-04:00
649,COCP,2020-03-09 09:30:00-04:00
650,BIMI,2020-03-06 09:30:00-05:00
651,ENZ,2020-03-06 09:30:00-05:00
652,RIOT,2020-03-05 09:30:00-05:00
653,COCP,2020-03-04 09:30:00-05:00
654,ZSAN,2020-03-04 09:30:00-05:00
655,CLSK,2020-03-03 09:30:00-05:00
656,WATT,2020-03-03 09:30:00-05:00
657,COCP,2020-03-02 09:30:00-05:00
658,TNXP,2020-03-02 09:30:00-05:00
659,BIMI,2020-03-02 09:30:00-05:00
660,ALT,2020-03-02 09:30:00-05:00
661,OPGN,2020-03-02 09:30:00-05:00
662,VXRT,2020-02-28 09:30:00-05:00
663,TNXP,2020-02-28 09:30:00-05:00
664,LAKE,2020-02-28 09:30:00-05:00
665,COCP,2020-02-28 09:30:00-05:00
666,OPGN,2020-02-28 09:30:00-05:00
667,OBCI,2020-02-28 09:30:00-05:00
668,ATHX,2020-02-28 09:30:00-05:00
669,VXRT,2020-02-27 09:30:00-05:00
670,OPGN,2020-02-27 09:30:00-05:00
671,TNXP,2020-02-27 09:30:00-05:00
672,AEMD,2020-02-27 09:30:00-05:00
673,COCP,2020-02-25 09:30:00-05:00
674,ENLV,2020-02-24 09:30:00-05:00
675,AVEO,2020-02-20 09:30:00-05:00
676,GNPX,2020-02-19 09:30:00-05:00
677,BLPH,2020-02-18 09:30:00-05:00
678,BLNK,2020-02-14 09:30:00-05:00
679,SNGX,2020-02-13 09:30:00-05:00
680,WORX,2020-02-13 09:30:00-05:00
681,HOTH,2020-02-12 09:30:00-05:00
682,DTSS,2020-02-12 09:30:00-05:00
683,GNPX,2020-02-11 09:30:00-05:00
684,ASRT,2020-02-07 09:30:00-05:00
685,MGEN,2020-02-03 09:30:00-05:00
686,CTIC,2020-02-03 09:30:00-05:00
687,BIMI,2020-02-03 09:30:00-05:00
688,VXRT,2020-02-03 09:30:00-05:00
689,BIMI,2020-01-31 09:30:00-05:00
690,RIOT,2020-01-30 09:30:00-05:00
691,MGEN,2020-01-30 09:30:00-05:00
692,OPGN,2020-01-30 09:30:00-05:00
693,GNPX,2020-01-29 09:30:00-05:00
694,CTSO,2020-01-29 09:30:00-05:00
695,LEE,2020-01-29 09:30:00-05:00
696,BIMI,2020-01-29 09:30:00-05:00
697,AEMD,2020-01-29 09:30:00-05:00
698,OPGN,2020-01-28 09:30:00-05:00
699,CLSD,2020-01-28 09:30:00-05:00
700,OBCI,2020-01-28 09:30:00-05:00
701,CTSO,2020-01-28 09:30:00-05:00
702,GNPX,2020-01-28 09:30:00-05:00
703,AEMD,2020-01-27 09:30:00-05:00
704,TNXP,2020-01-24 09:30:00-05:00
705,ALT,2020-01-23 09:30:00-05:00
706,GNPX,2020-01-22 09:30:00-05:00
707,OSS,2020-01-22 09:30:00-05:00
708,AEMD,2020-01-21 09:30:00-05:00
709,INFI,2020-01-21 09:30:00-05:00
710,GNPX,2020-01-21 09:30:00-05:00
711,EVOK,2020-01-21 09:30:00-05:00
712,IMBI,2020-01-17 09:30:00-05:00
713,ASRT,2020-01-13 09:30:00-05:00
714,DARE,2020-01-13 09:30:00-05:00
715,ACRS,2020-01-10 09:30:00-05:00
716,TNXP,2020-01-07 09:30:00-05:00
717,TYME,2020-01-07 09:30:00-05:00
718,ADXS,2020-01-07 09:30:00-05:00
719,LIFE,2020-01-06 09:30:00-05:00
720,SAVA,2020-01-06 09:30:00-05:00
721,PULM,2020-01-06 09:30:00-05:00
722,LPTX,2020-01-03 09:30:00-05:00
723,WATT,2020-01-02 09:30:00-05:00
724,PULM,2020-01-02 09:30:00-05:00
725,ADMS,2020-01-02 09:30:00-05:00
726,SAVA,2020-01-02 09:30:00-05:00
727,SVRA,2019-12-30 09:30:00-05:00
728,ASRT,2019-12-26 09:30:00-05:00
729,SAVA,2019-12-24 09:30:00-05:00
730,SLNO,2019-12-24 09:30:00-05:00
731,FBIO,2019-12-23 09:30:00-05:00
732,MBOT,2019-12-23 09:30:00-05:00
733,SLNO,2019-12-23 09:30:00-05:00
734,CBIO,2019-12-19 09:30:00-05:00
735,SELB,2019-12-19 09:30:00-05:00
736,SLDB,2019-12-18 09:30:00-05:00
737,PTI,2019-12-17 09:30:00-05:00
738,ASRT,2019-12-16 09:30:00-05:00
739,LMPX,2019-12-16 09:30:00-05:00
740,TNXP,2019-12-12 09:30:00-05:00
741,MRNS,2019-12-11 09:30:00-05:00
742,PTI,2019-12-11 09:30:00-05:00
743,ABEO,2019-12-09 09:30:00-05:00
744,SAVA,2019-12-06 09:30:00-05:00
745,CRIS,2019-12-06 09:30:00-05:00
746,IMAC,2019-12-05 09:30:00-05:00
747,ALDX,2019-12-03 09:30:00-05:00
748,ORMP,2019-12-02 09:30:00-05:00
749,EVFM,2019-12-02 09:30:00-05:00
750,BIMI,2019-12-02 09:30:00-05:00
751,BPTH,2019-11-26 09:30:00-05:00
752,LJPC,2019-11-25 09:30:00-05:00
753,WKHS,2019-11-22 09:30:00-05:00
754,EYEG,2019-11-22 09:30:00-05:00
755,BPTH,2019-11-21 09:30:00-05:00
756,ARAV,2019-11-20 09:30:00-05:00
757,ORMP,2019-11-12 09:30:00-05:00
758,SNCR,2019-11-12 09:30:00-05:00
759,ENG,2019-11-08 09:30:00-05:00
760,BNGO,2019-11-07 09:30:00-05:00
761,OESX,2019-11-06 09:30:00-05:00
762,FPAY,2019-11-05 09:30:00-05:00
763,ENLV,2019-11-04 09:30:00-05:00
764,BIMI,2019-11-01 09:30:00-04:00
765,CNET,2019-10-28 09:30:00-04:00
766,OPGN,2019-10-23 09:30:00-04:00
767,ETON,2019-10-22 09:30:00-04:00
768,BIMI,2019-10-21 09:30:00-04:00
769,BNGO,2019-10-18 09:30:00-04:00
770,MRNS,2019-10-18 09:30:00-04:00
771,REKR,2019-10-17 09:30:00-04:00
772,BNGO,2019-10-17 09:30:00-04:00
773,DTSS,2019-10-16 09:30:00-04:00
774,BIMI,2019-10-15 09:30:00-04:00
775,ONCS,2019-10-10 09:30:00-04:00
776,OCGN,2019-10-09 09:30:00-04:00
777,XELA,2019-10-04 09:30:00-04:00
778,AGTC,2019-09-27 09:30:00-04:00
779,MRNS,2019-09-26 09:30:00-04:00
780,PTE,2019-09-23 09:30:00-04:00
781,ABEO,2019-09-23 09:30:00-04:00
782,PHUN,2019-09-19 09:30:00-04:00
783,ONTX,2019-09-18 09:30:00-04:00
784,ACRS,2019-09-17 09:30:00-04:00
785,VUZI,2019-09-17 09:30:00-04:00
786,TTOO,2019-09-11 09:30:00-04:00
787,SAVA,2019-09-09 09:30:00-04:00
788,EDSA,2019-09-05 09:30:00-04:00
789,OPGN,2019-09-04 09:30:00-04:00
790,CDTX,2019-09-03 09:30:00-04:00
791,ABEO,2019-09-03 09:30:00-04:00
792,RKDA,2019-08-26 09:30:00-04:00
793,FBIO,2019-08-26 09:30:00-04:00
794,MBIO,2019-08-22 09:30:00-04:00
795,WTRH,2019-08-21 09:30:00-04:00
796,JAGX,2019-08-21 09:30:00-04:00
797,SOLY,2019-08-20 09:30:00-04:00
798,JAGX,2019-08-19 09:30:00-04:00
799,RKDA,2019-08-15 09:30:00-04:00
800,INMD,2019-08-14 09:30:00-04:00
801,RKDA,2019-08-12 09:30:00-04:00
802,RKDA,2019-08-09 09:30:00-04:00
803,ADMS,2019-08-09 09:30:00-04:00
804,OSS,2019-08-08 09:30:00-04:00
805,LPTX,2019-08-06 09:30:00-04:00
806,CDTX,2019-07-29 09:30:00-04:00
807,SMSI,2019-07-26 09:30:00-04:00
808,TCRR,2019-07-25 09:30:00-04:00
809,ABEO,2019-07-25 09:30:00-04:00
810,SCYX,2019-07-24 09:30:00-04:00
811,JNCE,2019-07-24 09:30:00-04:00
812,MRNS,2019-07-23 09:30:00-04:00
813,AVCO,2019-07-23 09:30:00-04:00
814,BIOC,2019-07-22 09:30:00-04:00
815,OTLK,2019-07-18 09:30:00-04:00
816,MBRX,2019-07-18 09:30:00-04:00
817,GHSI,2019-07-17 09:30:00-04:00
818,BPTH,2019-07-16 09:30:00-04:00
819,ADXS,2019-07-15 09:30:00-04:00
820,BNED,2019-07-15 09:30:00-04:00
821,JAGX,2019-07-11 09:30:00-04:00
822,IMUX,2019-07-11 09:30:00-04:00
823,MBRX,2019-07-10 09:30:00-04:00
824,ALT,2019-07-09 09:30:00-04:00
825,TTNP,2019-07-09 09:30:00-04:00
826,XSPA,2019-07-08 09:30:00-04:00
827,TYME,2019-07-05 09:30:00-04:00
828,OSS,2019-07-03 09:30:00-04:00
829,XSPA,2019-07-03 09:30:00-04:00
830,IDEX,2019-07-01 09:30:00-04:00
831,CETX,2019-06-27 09:30:00-04:00
832,PHUN,2019-06-26 09:30:00-04:00
833,TTNP,2019-06-26 09:30:00-04:00
834,RIOT,2019-06-26 09:30:00-04:00
835,CETX,2019-06-25 09:30:00-04:00
836,PHUN,2019-06-25 09:30:00-04:00
837,ALDX,2019-06-25 09:30:00-04:00
838,RIOT,2019-06-25 09:30:00-04:00
839,AXGT,2019-06-21 09:30:00-04:00
840,DMAC,2019-06-20 09:30:00-04:00
841,EDSA,2019-06-20 09:30:00-04:00
842,KERN,2019-06-20 09:30:00-04:00
843,GHSI,2019-06-20 09:30:00-04:00
844,JAGX,2019-06-18 09:30:00-04:00
845,BIOC,2019-06-18 09:30:00-04:00
846,MGI,2019-06-18 09:30:00-04:00
847,APRN,2019-06-17 09:30:00-04:00
848,DGLY,2019-06-14 09:30:00-04:00
849,CETX,2019-06-13 09:30:00-04:00
850,JAGX,2019-06-11 09:30:00-04:00
851,APTX,2019-06-10 09:30:00-04:00
852,LJPC,2019-06-07 09:30:00-04:00
853,LJPC,2019-06-06 09:30:00-04:00
854,CIEN,2019-06-06 09:30:00-04:00
855,SRRA,2019-06-05 09:30:00-04:00
856,SOLY,2019-06-04 09:30:00-04:00
857,PTI,2019-06-04 09:30:00-04:00
858,CLDX,2019-06-03 09:30:00-04:00
859,GNCA,2019-06-03 09:30:00-04:00
860,VBLT,2019-06-03 09:30:00-04:00
861,OTLK,2019-06-03 09:30:00-04:00
862,SOLY,2019-05-31 09:30:00-04:00
863,SOLY,2019-05-29 09:30:00-04:00
864,BIOC,2019-05-28 09:30:00-04:00
865,OTLK,2019-05-24 09:30:00-04:00
866,ONCS,2019-05-22 09:30:00-04:00
867,WKHS,2019-05-22 09:30:00-04:00
868,ONCS,2019-05-21 09:30:00-04:00
869,BIOC,2019-05-21 09:30:00-04:00
870,CLRB,2019-05-21 09:30:00-04:00
871,CIR,2019-05-21 09:30:00-04:00
872,SESN,2019-05-21 09:30:00-04:00
873,BIOC,2019-05-20 09:30:00-04:00
874,OTLK,2019-05-20 09:30:00-04:00
875,OTLK,2019-05-17 09:30:00-04:00
876,SOLY,2019-05-17 09:30:00-04:00
877,OTLK,2019-05-16 09:30:00-04:00
878,CLRB,2019-05-15 09:30:00-04:00
879,AYTU,2019-05-14 09:30:00-04:00
880,CLRB,2019-05-13 09:30:00-04:00
881,TTNP,2019-05-13 09:30:00-04:00
882,CPRX,2019-05-13 09:30:00-04:00
883,PRTY,2019-05-09 09:30:00-04:00
884,WKHS,2019-05-09 09:30:00-04:00
885,MBRX,2019-05-07 09:30:00-04:00
886,AMTX,2019-05-06 09:30:00-04:00
887,AXSM,2019-05-06 09:30:00-04:00
888,TRVN,2019-05-06 09:30:00-04:00
889,OVID,2019-05-06 09:30:00-04:00
890,RIOT,2019-05-03 09:30:00-04:00
891,EYPT,2019-05-01 09:30:00-04:00
892,PHUN,2019-05-01 09:30:00-04:00
893,MBRX,2019-04-29 09:30:00-04:00
894,LJPC,2019-04-24 09:30:00-04:00
895,IMUX,2019-04-23 09:30:00-04:00
896,TNXP,2019-04-22 09:30:00-04:00
897,MBRX,2019-04-22 09:30:00-04:00
898,PULM,2019-04-15 09:30:00-04:00
899,BPTH,2019-04-15 09:30:00-04:00
900,AMRS,2019-04-15 09:30:00-04:00
901,PHUN,2019-04-15 09:30:00-04:00
902,FTFT,2019-04-11 09:30:00-04:00
903,AVGR,2019-04-10 09:30:00-04:00
904,NBEV,2019-04-08 09:30:00-04:00
905,CNET,2019-04-05 09:30:00-04:00
906,TNXP,2019-04-04 09:30:00-04:00
907,OESX,2019-04-04 09:30:00-04:00
908,APTX,2019-04-03 09:30:00-04:00
909,OVID,2019-04-02 09:30:00-04:00
910,RIOT,2019-04-02 09:30:00-04:00
911,ADMA,2019-04-02 09:30:00-04:00
912,VTGN,2019-04-01 09:30:00-04:00
913,PULM,2019-04-01 09:30:00-04:00
914,ADXS,2019-04-01 09:30:00-04:00
915,SEEL,2019-03-29 09:30:00-04:00
916,BOXL,2019-03-29 09:30:00-04:00
917,AMRS,2019-03-29 09:30:00-04:00
918,BIOC,2019-03-28 09:30:00-04:00
919,AXSM,2019-03-27 09:30:00-04:00
920,SRNE,2019-03-26 09:30:00-04:00
921,BBBY,2019-03-26 09:30:00-04:00
922,ALDX,2019-03-26 09:30:00-04:00
923,BIOC,2019-03-26 09:30:00-04:00
924,PTI,2019-03-26 09:30:00-04:00
925,MBRX,2019-03-26 09:30:00-04:00
926,CRIS,2019-03-25 09:30:00-04:00
927,SEEL,2019-03-22 09:30:00-04:00
928,BPTH,2019-03-22 09:30:00-04:00
929,OSS,2019-03-21 09:30:00-04:00
930,CFMS,2019-03-21 09:30:00-04:00
931,NVRO,2019-03-20 09:30:00-04:00
932,SRNE,2019-03-20 09:30:00-04:00
933,TYHT,2019-03-20 09:30:00-04:00
934,AYTU,2019-03-19 09:30:00-04:00
935,TYHT,2019-03-19 09:30:00-04:00
936,VBLT,2019-03-19 09:30:00-04:00
937,ALT,2019-03-19 09:30:00-04:00
938,VXRT,2019-03-19 09:30:00-04:00
939,CLRB,2019-03-19 09:30:00-04:00
940,DARE,2019-03-18 09:30:00-04:00
941,LPTX,2019-03-18 09:30:00-04:00
942,SCYX,2019-03-18 09:30:00-04:00
943,AZRX,2019-03-18 09:30:00-04:00
944,RKDA,2019-03-15 09:30:00-04:00
945,SLNO,2019-03-15 09:30:00-04:00
946,BIOC,2019-03-15 09:30:00-04:00
947,ACHV,2019-03-15 09:30:00-04:00
948,SMSI,2019-03-14 09:30:00-04:00
949,EVOK,2019-03-14 09:30:00-04:00
950,BIOC,2019-03-13 09:30:00-04:00
951,PAVM,2019-03-13 09:30:00-04:00
952,DTEA,2019-03-13 09:30:00-04:00
953,VRA,2019-03-13 09:30:00-04:00
954,SEEL,2019-03-12 09:30:00-04:00
955,LPCN,2019-03-12 09:30:00-04:00
956,BPTH,2019-03-12 09:30:00-04:00
957,LPTX,2019-03-12 09:30:00-04:00
958,TNXP,2019-03-11 09:30:00-04:00
959,BPTH,2019-03-11 09:30:00-04:00
960,AXGT,2019-03-11 09:30:00-04:00
961,TBLT,2019-03-11 09:30:00-04:00
962,PTE,2019-03-11 09:30:00-04:00
963,AYTU,2019-03-08 09:30:00-05:00
964,TNXP,2019-03-08 09:30:00-05:00
965,SEEL,2019-03-08 09:30:00-05:00
966,SELB,2019-03-08 09:30:00-05:00
967,CODX,2019-03-07 09:30:00-05:00
968,ALT,2019-03-07 09:30:00-05:00
969,BPTH,2019-03-07 09:30:00-05:00
970,SEEL,2019-03-07 09:30:00-05:00
971,ANF,2019-03-06 09:30:00-05:00
972,BPTH,2019-03-06 09:30:00-05:00
973,AYTU,2019-03-06 09:30:00-05:00
974,IDEX,2019-03-05 09:30:00-05:00
975,AVXL,2019-03-04 09:30:00-05:00
976,EVOK,2019-03-04 09:30:00-05:00
977,RKDA,2019-03-04 09:30:00-05:00
978,HZNP,2019-02-28 09:30:00-05:00
979,ICPT,2019-02-28 09:30:00-05:00
980,SQBG,2019-02-28 09:30:00-05:00
981,RKDA,2019-02-28 09:30:00-05:00
982,BIOC,2019-02-27 09:30:00-05:00
983,GEVO,2019-02-27 09:30:00-05:00
984,CODX,2019-02-26 09:30:00-05:00
985,CLRB,2019-02-25 09:30:00-05:00
986,TTNP,2019-02-25 09:30:00-05:00
987,MVIS,2019-02-25 09:30:00-05:00
988,ATEC,2019-02-25 09:30:00-05:00
989,CMRX,2019-02-22 09:30:00-05:00
990,ACHV,2019-02-22 09:30:00-05:00
991,W,2019-02-22 09:30:00-05:00
992,VYGR,2019-02-22 09:30:00-05:00
993,ADIL,2019-02-21 09:30:00-05:00
994,ZSAN,2019-02-21 09:30:00-05:00
995,WORX,2019-02-20 09:30:00-05:00
996,CLSD,2019-02-20 09:30:00-05:00
997,KNDI,2019-02-20 09:30:00-05:00
998,NBRV,2019-02-19 09:30:00-05:00
999,ICPT,2019-02-19 09:30:00-05:00
1000,RIOT,2019-02-19 09:30:00-05:00
1001,LPCN,2019-02-14 09:30:00-05:00
1002,CYBR,2019-02-14 09:30:00-05:00
1003,GERN,2019-02-13 09:30:00-05:00
1004,DBD,2019-02-13 09:30:00-05:00
1005,TBLT,2019-02-12 09:30:00-05:00
1006,COTY,2019-02-12 09:30:00-05:00
1007,WORX,2019-02-12 09:30:00-05:00
1008,AMTX,2019-02-12 09:30:00-05:00
1009,OTLK,2019-02-11 09:30:00-05:00
1010,AVCO,2019-02-11 09:30:00-05:00
1011,BIOC,2019-02-08 09:30:00-05:00
1012,COTY,2019-02-08 09:30:00-05:00
1013,HYRE,2019-02-07 09:30:00-05:00
1014,BIOC,2019-02-07 09:30:00-05:00
1015,PULM,2019-02-07 09:30:00-05:00
1016,AXSM,2019-02-06 09:30:00-05:00
1017,PULM,2019-02-06 09:30:00-05:00
1018,MGNX,2019-02-06 09:30:00-05:00
1019,TRVN,2019-02-06 09:30:00-05:00
1020,EYEN,2019-02-06 09:30:00-05:00
1021,AMRS,2019-02-05 09:30:00-05:00
1022,MBRX,2019-02-05 09:30:00-05:00
1023,EOLS,2019-02-04 09:30:00-05:00
1024,TTNP,2019-02-01 09:30:00-05:00
1025,ADIL,2019-02-01 09:30:00-05:00
1026,TBLT,2019-02-01 09:30:00-05:00
1027,FBIO,2019-01-31 09:30:00-05:00
1028,VTGN,2019-01-31 09:30:00-05:00
1029,SCYX,2019-01-31 09:30:00-05:00
1030,EYEN,2019-01-30 09:30:00-05:00
1031,EKSO,2019-01-30 09:30:00-05:00
1032,CODX,2019-01-30 09:30:00-05:00
1033,BOXL,2019-01-29 09:30:00-05:00
1034,VYGR,2019-01-29 09:30:00-05:00
1035,AVCO,2019-01-29 09:30:00-05:00
1036,PCG,2019-01-29 09:30:00-05:00
1037,ALT,2019-01-29 09:30:00-05:00
1038,BIOC,2019-01-28 09:30:00-05:00
1039,AVCO,2019-01-28 09:30:00-05:00
1040,CLRO,2019-01-25 09:30:00-05:00
1041,TTNP,2019-01-25 09:30:00-05:00
1042,BPTH,2019-01-24 09:30:00-05:00
1043,TLGT,2019-01-24 09:30:00-05:00
1044,SNGX,2019-01-23 09:30:00-05:00
1045,ATHX,2019-01-23 09:30:00-05:00
1046,BPTH,2019-01-22 09:30:00-05:00
1047,SRNE,2019-01-22 09:30:00-05:00
1048,BPTH,2019-01-18 09:30:00-05:00
1049,GEVO,2019-01-18 09:30:00-05:00
1050,MBOT,2019-01-17 09:30:00-05:00
1051,TBLT,2019-01-17 09:30:00-05:00
1052,LPCN,2019-01-17 09:30:00-05:00
1053,PCG,2019-01-17 09:30:00-05:00
1054,MBOT,2019-01-16 09:30:00-05:00
1055,TBLT,2019-01-16 09:30:00-05:00
1056,WTER,2019-01-15 09:30:00-05:00
1057,MBOT,2019-01-15 09:30:00-05:00
1058,VHC,2019-01-15 09:30:00-05:00
1059,WTER,2019-01-14 09:30:00-05:00
1060,MBOT,2019-01-14 09:30:00-05:00
1061,TLRY,2019-01-11 09:30:00-05:00
1062,TBLT,2019-01-11 09:30:00-05:00
1063,FTK,2019-01-11 09:30:00-05:00
1064,AXSM,2019-01-07 09:30:00-05:00
1065,QEP,2019-01-07 09:30:00-05:00
1066,COCP,2019-01-03 09:30:00-05:00
1067,WATT,2018-12-27 09:30:00-05:00
1068,ADMA,2018-12-20 09:30:00-05:00
1069,TBLT,2018-12-19 09:30:00-05:00
1070,ADIL,2018-12-19 09:30:00-05:00
1071,EVFM,2018-12-17 09:30:00-05:00
1072,PTI,2018-12-17 09:30:00-05:00
1073,ADIL,2018-12-13 09:30:00-05:00
1074,ASTC,2018-12-12 09:30:00-05:00
1075,MRNS,2018-12-10 09:30:00-05:00
1076,TNXP,2018-12-07 09:30:00-05:00
1077,DARE,2018-12-06 09:30:00-05:00
1078,MBRX,2018-12-04 09:30:00-05:00
1079,NBEV,2018-12-03 09:30:00-05:00
1080,ADIL,2018-11-30 09:30:00-05:00
1081,TNXP,2018-11-29 09:30:00-05:00
1082,TNXP,2018-11-28 09:30:00-05:00
1083,MBRX,2018-11-28 09:30:00-05:00
1084,AEMD,2018-11-27 09:30:00-05:00
1085,SLS,2018-11-09 09:30:00-05:00
1086,SESN,2018-11-08 09:30:00-05:00
1087,HPR,2018-11-07 09:30:00-05:00
1088,RGLS,2018-11-06 09:30:00-05:00
1089,AYTU,2018-11-05 09:30:00-05:00
1090,SLS,2018-11-01 09:30:00-04:00
1091,BLNK,2018-10-29 09:30:00-04:00
1092,APRN,2018-10-29 09:30:00-04:00
1093,SLS,2018-10-24 09:30:00-04:00
1094,SLS,2018-10-22 09:30:00-04:00
1095,CLGN,2018-10-22 09:30:00-04:00
1096,AYTU,2018-10-22 09:30:00-04:00
1097,FTFT,2018-10-19 09:30:00-04:00
1098,CNET,2018-10-19 09:30:00-04:00
1099,PTI,2018-10-18 09:30:00-04:00
1100,SLS,2018-10-15 09:30:00-04:00
1101,SNGX,2018-10-15 09:30:00-04:00
1102,HEAR,2018-10-11 09:30:00-04:00
1103,MBRX,2018-10-10 09:30:00-04:00
1104,GEVO,2018-10-09 09:30:00-04:00
1105,AMTX,2018-10-09 09:30:00-04:00
1106,ALT,2018-10-08 09:30:00-04:00
1107,AYTU,2018-10-05 09:30:00-04:00
1108,YGYI,2018-10-04 09:30:00-04:00
1109,VXRT,2018-10-04 09:30:00-04:00
1110,VTGN,2018-10-03 09:30:00-04:00
1111,CLRB,2018-10-02 09:30:00-04:00
1112,DTEA,2018-10-02 09:30:00-04:00
1113,NBEV,2018-10-01 09:30:00-04:00
1114,OCN,2018-09-28 09:30:00-04:00
1115,ONTX,2018-09-26 09:30:00-04:00
1116,ALDX,2018-09-26 09:30:00-04:00
1117,AZRX,2018-09-24 09:30:00-04:00
1118,DTEA,2018-09-21 09:30:00-04:00
1119,NBEV,2018-09-20 09:30:00-04:00
1120,ALT,2018-09-20 09:30:00-04:00
1121,GALT,2018-09-20 09:30:00-04:00
1122,NBEV,2018-09-17 09:30:00-04:00
1123,CLRB,2018-09-17 09:30:00-04:00
1124,GERN,2018-09-13 09:30:00-04:00
1125,NBEV,2018-09-06 09:30:00-04:00
1126,VRA,2018-09-05 09:30:00-04:00
1127,GERN,2018-08-24 09:30:00-04:00
1128,SRRA,2018-08-22 09:30:00-04:00
1129,CNET,2018-08-17 09:30:00-04:00
1130,CLRB,2018-08-13 09:30:00-04:00
1131,CTXR,2018-08-09 09:30:00-04:00
1132,SBBP,2018-08-08 09:30:00-04:00
1133,EKSO,2018-08-07 09:30:00-04:00
1134,HYRE,2018-07-31 09:30:00-04:00
1135,SRAX,2018-07-30 09:30:00-04:00
1136,BLNK,2018-07-25 09:30:00-04:00
1137,RIOT,2018-07-24 09:30:00-04:00
1138,SLS,2018-07-20 09:30:00-04:00
1139,RKDA,2018-07-19 09:30:00-04:00
1140,SMIT,2018-07-19 09:30:00-04:00
1141,CLRB,2018-07-18 09:30:00-04:00
1142,CBIO,2018-07-18 09:30:00-04:00
1143,CLRB,2018-07-17 09:30:00-04:00
1144,CAPR,2018-07-17 09:30:00-04:00
1145,CODA,2018-07-16 09:30:00-04:00
1146,DARE,2018-07-16 09:30:00-04:00
1147,ADXS,2018-07-13 09:30:00-04:00
1148,PIXY,2018-07-13 09:30:00-04:00
1149,BIOC,2018-07-13 09:30:00-04:00
1150,BIOC,2018-07-12 09:30:00-04:00
1151,CTIC,2018-07-09 09:30:00-04:00
1152,HTBX,2018-07-09 09:30:00-04:00
1153,GEVO,2018-07-03 09:30:00-04:00
1154,MICT,2018-07-03 09:30:00-04:00
1155,ADMP,2018-07-02 09:30:00-04:00
1156,ACRX,2018-06-27 09:30:00-04:00
1157,RKDA,2018-06-27 09:30:00-04:00
1158,AVGR,2018-06-26 09:30:00-04:00
1159,INFI,2018-06-26 09:30:00-04:00
1160,LEE,2018-06-26 09:30:00-04:00
1161,HTBX,2018-06-26 09:30:00-04:00
1162,BOXL,2018-06-25 09:30:00-04:00
1163,SLNO,2018-06-22 09:30:00-04:00
1164,CASI,2018-06-21 09:30:00-04:00
1165,MBRX,2018-06-20 09:30:00-04:00
1166,CLBS,2018-06-20 09:30:00-04:00
1167,ASTC,2018-06-19 09:30:00-04:00
1168,GEVO,2018-06-19 09:30:00-04:00
1169,SLDB,2018-06-18 09:30:00-04:00
1170,GEVO,2018-06-18 09:30:00-04:00
1171,TLGT,2018-06-14 09:30:00-04:00
1172,VTGN,2018-06-13 09:30:00-04:00
1173,PSTI,2018-06-12 09:30:00-04:00
1174,ATHX,2018-06-07 09:30:00-04:00
1175,BLNK,2018-06-07 09:30:00-04:00
1176,MBRX,2018-06-06 09:30:00-04:00
1177,CLRB,2018-06-06 09:30:00-04:00
1178,SLS,2018-06-01 09:30:00-04:00
1179,CRIS,2018-05-31 09:30:00-04:00
1180,CRIS,2018-05-30 09:30:00-04:00
1181,TTOO,2018-05-29 09:30:00-04:00
1182,VTGN,2018-05-25 09:30:00-04:00
1183,ACRX,2018-05-24 09:30:00-04:00
1184,AVGR,2018-05-23 09:30:00-04:00
1185,BLNK,2018-05-22 09:30:00-04:00
1186,BOXL,2018-05-21 09:30:00-04:00
1187,LIVX,2018-05-18 09:30:00-04:00
1188,TYHT,2018-05-18 09:30:00-04:00
1189,BLNK,2018-05-17 09:30:00-04:00
1190,BLNK,2018-05-16 09:30:00-04:00
1191,GALT,2018-05-14 09:30:00-04:00
1192,BLNK,2018-05-11 09:30:00-04:00
1193,HEAR,2018-05-10 09:30:00-04:00
1194,MVIS,2018-05-09 09:30:00-04:00
1195,QUMU,2018-05-09 09:30:00-04:00
1196,BLNK,2018-05-08 09:30:00-04:00
1197,DARE,2018-05-07 09:30:00-04:00
1198,HTBX,2018-05-07 09:30:00-04:00
1199,BLNK,2018-05-07 09:30:00-04:00
1200,BOXL,2018-05-03 09:30:00-04:00
1201,IPDN,2018-05-03 09:30:00-04:00
1202,PIXY,2018-05-03 09:30:00-04:00
1203,HCHC,2018-05-02 09:30:00-04:00
1204,AVGR,2018-05-02 09:30:00-04:00
1205,HTBX,2018-05-01 09:30:00-04:00
1206,GNPX,2018-04-30 09:30:00-04:00
1207,ACRX,2018-04-27 09:30:00-04:00
1208,GNPX,2018-04-27 09:30:00-04:00
1209,CNET,2018-04-17 09:30:00-04:00
1210,ACRX,2018-04-16 09:30:00-04:00
1211,MICT,2018-04-13 09:30:00-04:00
1212,CNET,2018-04-12 09:30:00-04:00
1213,NVFY,2018-04-10 09:30:00-04:00
1214,HEAR,2018-04-09 09:30:00-04:00
1215,ASTC,2018-04-04 09:30:00-04:00
1216,BPTH,2018-04-03 09:30:00-04:00
1217,SLS,2018-04-02 09:30:00-04:00
1218,AVGR,2018-03-29 09:30:00-04:00
1219,DRIO,2018-03-26 09:30:00-04:00
1220,NBEV,2018-03-26 09:30:00-04:00
1221,GERN,2018-03-19 09:30:00-04:00
1222,CDTX,2018-03-19 09:30:00-04:00
1223,RKDA,2018-03-19 09:30:00-04:00
1224,RKDA,2018-03-15 09:30:00-04:00
1225,RKDA,2018-03-14 09:30:00-04:00
1226,PIXY,2018-03-07 09:30:00-05:00
1227,AMTX,2018-03-07 09:30:00-05:00
1228,CLBS,2018-03-06 09:30:00-05:00
1229,GNCA,2018-03-06 09:30:00-05:00
1230,ONTX,2018-03-05 09:30:00-05:00
1231,CLSD,2018-03-05 09:30:00-05:00
1232,LPCN,2018-02-27 09:30:00-05:00
1233,NXTD,2018-02-26 09:30:00-05:00
1234,ADMP,2018-02-23 09:30:00-05:00
1235,CLIR,2018-02-23 09:30:00-05:00
1236,WKHS,2018-02-22 09:30:00-05:00
1237,AYTU,2018-02-21 09:30:00-05:00
1238,MBRX,2018-02-15 09:30:00-05:00
1239,CATB,2018-02-13 09:30:00-05:00
1240,APRN,2018-02-13 09:30:00-05:00
1241,DARE,2018-02-12 09:30:00-05:00
1242,MGEN,2018-02-09 09:30:00-05:00
1243,BPTH,2018-02-09 09:30:00-05:00
1244,NXTD,2018-02-08 09:30:00-05:00
1245,RIOT,2018-02-07 09:30:00-05:00
1246,CNET,2018-02-06 09:30:00-05:00
1247,CAPR,2018-02-05 09:30:00-05:00
1248,ADXS,2018-01-25 09:30:00-05:00
1249,CNET,2018-01-23 09:30:00-05:00
1250,FORD,2018-01-19 09:30:00-05:00
1251,CNET,2018-01-18 09:30:00-05:00
1252,LIVE,2018-01-18 09:30:00-05:00
1253,MICT,2018-01-18 09:30:00-05:00
1254,PFMT,2018-01-12 09:30:00-05:00
1255,MGI,2018-01-11 09:30:00-05:00
1256,LPCN,2018-01-11 09:30:00-05:00
1257,CNET,2018-01-11 09:30:00-05:00
1258,NBEV,2018-01-11 09:30:00-05:00
1259,NBEV,2018-01-10 09:30:00-05:00
1260,BMRA,2018-01-10 09:30:00-05:00
1261,KODK,2018-01-10 09:30:00-05:00
1262,PSTI,2018-01-09 09:30:00-05:00
1263,LPCN,2018-01-08 09:30:00-05:00
1264,HTGM,2018-01-04 09:30:00-05:00
1265,CNET,2018-01-04 09:30:00-05:00
1266,CLSN,2018-01-04 09:30:00-05:00
1267,FTFT,2018-01-04 09:30:00-05:00
1268,HGSH,2018-01-03 09:30:00-05:00
1269,VTGN,2018-01-03 09:30:00-05:00
1270,WKHS,2018-01-03 09:30:00-05:00
1271,MICT,2018-01-02 09:30:00-05:00
1272,SNGX,2018-01-02 09:30:00-05:00
1273,WATT,2018-01-02 09:30:00-05:00
1274,WATT,2017-12-28 09:30:00-05:00
1275,LIVE,2017-12-28 09:30:00-05:00
1276,WATT,2017-12-27 09:30:00-05:00
1277,NVFY,2017-12-27 09:30:00-05:00
1278,FTFT,2017-12-26 09:30:00-05:00
1279,NVFY,2017-12-21 09:30:00-05:00
1280,NXTD,2017-12-21 09:30:00-05:00
1281,NVFY,2017-12-20 09:30:00-05:00
1282,FTFT,2017-12-20 09:30:00-05:00
1283,NXTD,2017-12-20 09:30:00-05:00
1284,EYEG,2017-12-19 09:30:00-05:00
1285,NXTD,2017-12-19 09:30:00-05:00
1286,MARK,2017-12-18 09:30:00-05:00
1287,NVFY,2017-12-18 09:30:00-05:00
1288,TYHT,2017-12-18 09:30:00-05:00
1289,PIXY,2017-12-15 09:30:00-05:00
1290,SMIT,2017-12-14 09:30:00-05:00
1291,MBOT,2017-12-14 09:30:00-05:00
1292,SRAX,2017-12-14 09:30:00-05:00
1293,CAPR,2017-12-13 09:30:00-05:00
1294,GLYC,2017-12-12 09:30:00-05:00
1295,PTI,2017-12-12 09:30:00-05:00
1296,RIOT,2017-12-12 09:30:00-05:00
1297,CBIO,2017-12-11 09:30:00-05:00
1298,RIOT,2017-12-11 09:30:00-05:00
1299,SLNO,2017-12-08 09:30:00-05:00
1300,CLRB,2017-12-06 09:30:00-05:00
1301,GALT,2017-12-05 09:30:00-05:00
1302,MBRX,2017-12-05 09:30:00-05:00
1303,CAPR,2017-11-29 09:30:00-05:00
1304,SRAX,2017-11-28 09:30:00-05:00
1305,MICT,2017-11-27 09:30:00-05:00
1306,SRAX,2017-11-27 09:30:00-05:00
1307,GROW,2017-11-27 09:30:00-05:00
1308,MTBC,2017-11-27 09:30:00-05:00
1309,RIOT,2017-11-27 09:30:00-05:00
1310,SRAX,2017-11-24 09:30:00-05:00
1311,CLSN,2017-11-24 09:30:00-05:00
1312,EKSO,2017-11-22 09:30:00-05:00
1313,CLSN,2017-11-21 09:30:00-05:00
1314,DGLY,2017-11-20 09:30:00-05:00
1315,NVFY,2017-11-17 09:30:00-05:00
1316,IDXG,2017-11-16 09:30:00-05:00
1317,EKSO,2017-11-13 09:30:00-05:00
1318,NVFY,2017-11-13 09:30:00-05:00
1319,INFI,2017-11-10 09:30:00-05:00
1320,TLGT,2017-11-10 09:30:00-05:00
1321,EKSO,2017-11-10 09:30:00-05:00
1322,PRTY,2017-11-09 09:30:00-05:00
1323,OTIC,2017-11-09 09:30:00-05:00
1324,MRNS,2017-11-09 09:30:00-05:00
1325,DGLY,2017-11-08 09:30:00-05:00
1326,ONCS,2017-11-08 09:30:00-05:00
1327,EYES,2017-11-02 09:30:00-04:00
1328,RIOT,2017-11-02 09:30:00-04:00
1329,CAPR,2017-10-25 09:30:00-04:00
1330,EVOK,2017-10-23 09:30:00-04:00
1331,DGLY,2017-10-20 09:30:00-04:00
1332,ONVO,2017-10-20 09:30:00-04:00
1333,ACRX,2017-10-20 09:30:00-04:00
1334,SNCR,2017-10-17 09:30:00-04:00
1335,EYES,2017-10-17 09:30:00-04:00
1336,MARK,2017-10-13 09:30:00-04:00
1337,INFI,2017-10-12 09:30:00-04:00
1338,ATHX,2017-10-11 09:30:00-04:00
1339,IDXG,2017-10-11 09:30:00-04:00
1340,CAPR,2017-10-06 09:30:00-04:00
1341,APVO,2017-10-05 09:30:00-04:00
1342,CATB,2017-10-04 09:30:00-04:00
1343,CAPR,2017-10-04 09:30:00-04:00
1344,SRAX,2017-10-02 09:30:00-04:00
1345,MARK,2017-09-28 09:30:00-04:00
1346,ASTC,2017-09-27 09:30:00-04:00
1347,MARK,2017-09-27 09:30:00-04:00
1348,SRAX,2017-09-26 09:30:00-04:00
1349,MBRX,2017-09-26 09:30:00-04:00
1350,INFI,2017-09-25 09:30:00-04:00
1351,HTGM,2017-09-20 09:30:00-04:00
1352,CAPR,2017-09-19 09:30:00-04:00
1353,PSTI,2017-09-18 09:30:00-04:00
1354,AEMD,2017-09-12 09:30:00-04:00
1355,ALDX,2017-09-12 09:30:00-04:00
1356,MRNS,2017-09-11 09:30:00-04:00
1357,INFI,2017-09-06 09:30:00-04:00
1358,CBIO,2017-09-06 09:30:00-04:00
1359,BLPH,2017-09-05 09:30:00-04:00
1360,APVO,2017-09-01 09:30:00-04:00
1361,AVEO,2017-08-28 09:30:00-04:00
1362,ADMS,2017-08-25 09:30:00-04:00
1363,EXPR,2017-08-23 09:30:00-04:00
1364,MBRX,2017-08-16 09:30:00-04:00
1365,CLRB,2017-08-08 09:30:00-04:00
1366,ACRX,2017-08-01 09:30:00-04:00
1367,MBRX,2017-08-01 09:30:00-04:00
1368,NXTD,2017-07-31 09:30:00-04:00
1369,CAPR,2017-07-27 09:30:00-04:00
1370,ACRX,2017-07-17 09:30:00-04:00
1371,SNGX,2017-07-17 09:30:00-04:00
1372,MTBC,2017-07-05 09:30:00-04:00
1373,EYES,2017-07-03 09:30:00-04:00
1374,IDXG,2017-06-28 09:30:00-04:00
1375,ZSAN,2017-06-26 09:30:00-04:00
1376,AVEO,2017-06-23 09:30:00-04:00
1377,SNCR,2017-06-23 09:30:00-04:00
1378,EKSO,2017-06-16 09:30:00-04:00
1379,IDXG,2017-06-15 09:30:00-04:00
1380,MTBC,2017-06-14 09:30:00-04:00
1381,HTGM,2017-06-05 09:30:00-04:00
1382,CBIO,2017-05-31 09:30:00-04:00
1383,MACK,2017-05-30 09:30:00-04:00
1384,GLYC,2017-05-25 09:30:00-04:00
1385,IDXG,2017-05-15 09:30:00-04:00
1386,MTBC,2017-05-10 09:30:00-04:00
1387,SNCR,2017-05-05 09:30:00-04:00
1388,GEVO,2017-05-04 09:30:00-04:00
1389,MTBC,2017-05-03 09:30:00-04:00
1390,PSTI,2017-05-03 09:30:00-04:00
1391,NXTD,2017-05-02 09:30:00-04:00
1392,BLPH,2017-05-01 09:30:00-04:00
1393,OCN,2017-05-01 09:30:00-04:00
1394,SNCR,2017-04-27 09:30:00-04:00
1395,SSKN,2017-04-27 09:30:00-04:00
1396,CATB,2017-04-25 09:30:00-04:00
1397,SCYX,2017-04-24 09:30:00-04:00
1398,IDXG,2017-04-20 09:30:00-04:00
1399,SNGX,2017-04-19 09:30:00-04:00
1400,IDXG,2017-04-18 09:30:00-04:00
1401,HTGM,2017-04-17 09:30:00-04:00
1402,CBLI,2017-04-17 09:30:00-04:00
1403,EYES,2017-04-13 09:30:00-04:00
1404,NOVN,2017-04-12 09:30:00-04:00
1405,CBIO,2017-04-11 09:30:00-04:00
1406,BLPH,2017-04-07 09:30:00-04:00
1407,NVFY,2017-04-06 09:30:00-04:00
1408,MRNS,2017-04-05 09:30:00-04:00
1409,EVOK,2017-04-04 09:30:00-04:00
1410,IDXG,2017-04-03 09:30:00-04:00
1411,IDXG,2017-03-30 09:30:00-04:00
1412,ATHX,2017-03-29 09:30:00-04:00
1413,CBIO,2017-03-29 09:30:00-04:00
1414,CBIO,2017-03-28 09:30:00-04:00
1415,HTGM,2017-03-27 09:30:00-04:00
1416,HTGM,2017-03-24 09:30:00-04:00
1417,IDRA,2017-03-22 09:30:00-04:00
1418,CLBS,2017-03-17 09:30:00-04:00
1419,MGI,2017-03-14 09:30:00-04:00
1420,GALT,2017-03-06 09:30:00-05:00
1421,POLA,2017-03-06 09:30:00-05:00
1422,HTGM,2017-02-28 09:30:00-05:00
1423,LJPC,2017-02-27 09:30:00-05:00
1424,EYEG,2017-02-21 09:30:00-05:00
1425,TRVN,2017-02-21 09:30:00-05:00
1426,IDXG,2017-02-21 09:30:00-05:00
1427,EVOK,2017-02-15 09:30:00-05:00
1428,MRNS,2017-02-14 09:30:00-05:00
1429,NBEV,2017-02-14 09:30:00-05:00
1430,AEHR,2017-02-09 09:30:00-05:00
1431,EYEG,2017-01-30 09:30:00-05:00
1432,CBAY,2017-01-30 09:30:00-05:00
1433,MRNS,2017-01-23 09:30:00-05:00
1434,AMTX,2017-01-19 09:30:00-05:00
1435,ADMP,2017-01-19 09:30:00-05:00
1436,NXTD,2017-01-18 09:30:00-05:00
1437,MACK,2017-01-09 09:30:00-05:00
1438,GNCA,2017-01-05 09:30:00-05:00
1439,EVOK,2017-01-04 09:30:00-05:00
1440,KOPN,2017-01-03 09:30:00-05:00
