,Failure Rate,Average Dump,Average Success,# Dumps,Splits
0,1.0,-0.10850597868684309,,3,0.03333333333333333
1,0.7916666666666666,-0.08852217928490955,0.0528732161118774,24,0.125
2,0.7,-0.11739321767807405,0.382978115950602,20,1.0
3,0.75,-0.07996368997733226,0.22426958160419286,16,1.0
4,0.3333333333333333,-0.022673136303484723,0.026294099628425858,3,1.0
5,0.9285714285714286,-0.11365665791755383,0.009132420091324209,14,0.005
6,0.5333333333333333,-0.0658096659321769,0.08832795781380587,15,1.0
7,0.8064516129032258,-0.12645555474187917,0.09578052224317257,31,0.016666666666666666
8,0.7142857142857143,-0.12424917345048175,0.21880291446558423,35,0.002
9,0.7352941176470589,-0.11165846905865313,0.18545910241392133,34,0.02
10,0.8,-0.0841580143539746,0.061371841155234634,5,1.0
11,0.25,-0.09825688073394498,0.10079872787625101,8,1.0
12,1.0,-0.10806994282900449,,4,0.06666666666666667
13,0.8,-0.05948803596376663,0.2905263157894737,5,0.4
14,0.6756756756756757,-0.1301350483086475,0.08661199238416797,37,1.0
15,0.8064516129032258,-0.12645555474187917,0.09578052224317257,31,0.016666666666666666
16,0.6785714285714286,-0.1024592273100461,0.09778502173420814,56,1.0
17,0.8,-0.1618263110994492,0.28801169590643283,5,1.0
18,0.3076923076923077,-0.059849515306893177,0.0436670170664486,13,1.0
19,0.7222222222222222,-0.13946693540435498,0.04326334756910877,18,0.133332
20,0.675,-0.1009118046917557,0.1269114054075738,40,1.0
21,0.7777777777777778,-0.11063990609192652,0.059495669654625584,27,1.0
22,0.7586206896551724,-0.11094753914850433,0.04908460083425716,29,0.00018019234249999996
23,0.6956521739130435,-0.10028479174642345,0.11693951617055577,23,0.06666666666666667
24,0.6756756756756757,-0.1301350483086475,0.08661199238416797,37,1.0
25,0.2727272727272727,-0.06095619693565768,0.11454665395656731,11,1.0
26,0.6785714285714286,-0.1024592273100461,0.09778502173420814,56,1.0
27,0.6666666666666666,-0.0979785211346241,0.1269114054075738,39,1.0
28,0.7916666666666666,-0.12467666285382227,0.3824867648895923,24,0.005
29,1.0,-0.10042999725234358,,10,1.0
30,0.6896551724137931,-0.10602508794018836,0.47971802570693245,29,3.000000000000003
31,0.8666666666666667,-0.12181523033818682,0.11111111111111112,15,0.005
32,0.7352941176470589,-0.11165846905865313,0.18545910241392133,34,0.02
33,0.7272727272727273,-0.10752496277741758,0.18545910241392133,33,0.02
34,0.7441860465116279,-0.08486825938845996,0.09341778019013053,43,0.02
35,0.6888888888888889,-0.13825827764338877,0.19369777457352882,45,1.0
36,0.8135593220338984,-0.10787587197340391,0.2469760977734582,59,0.05
37,0.8,-0.0841580143539746,0.061371841155234634,5,1.0
38,0.7272727272727273,-0.07172153340729558,0.06163299542635579,22,0.15000000000000002
39,0.6818181818181818,-0.06349511626751397,0.13463521639602458,22,1.0
40,0.8571428571428571,-0.08246224914861792,0.38504155124653744,7,1.0
41,0.7058823529411765,-0.14718847080152642,0.04326334756910877,17,0.133332
42,0.7857142857142857,-0.10676860436702378,0.5662365321706959,14,1.0
43,0.3333333333333333,-0.000794912559618425,0.04954954954954956,3,1.0
44,0.8571428571428571,-0.19888539450203338,0.26694915254237306,7,1.0
45,1.0,-0.10264227642276423,,2,1.0
46,0.45454545454545453,-0.04159531109199442,0.04887965491627655,11,1.0
47,0.5555555555555556,-0.0931896837013914,0.07852518566295325,36,1.0
48,0.5,-0.00686274509803907,0.10119047619047615,2,1.0
49,0.7222222222222222,-0.09024500412437017,0.1225158045440525,18,0.25
50,1.0,-0.10850597868684309,,3,0.03333333333333333
51,0.7796610169491526,-0.10969022572293068,0.06113724346791794,59,0.125
52,0.88,-0.11001028774466803,0.17076941781449984,25,0.08333333333333333
53,0.7777777777777778,-0.12283397616227083,0.25919060246802095,54,0.01
54,0.6086956521739131,-0.09927005522465275,0.0873595376902813,23,0.03333333333333333
55,0.625,-0.12680649059263546,0.043731778425656086,8,1.0
56,0.7619047619047619,-0.14041192660679258,0.2605086463932015,21,1.0
57,0.8333333333333334,-0.09185723550382151,0.03381731653137141,12,0.5078125
58,0.8571428571428571,-0.11602106031120722,0.3758933457859069,35,1.0
59,0.5,-0.07557048644678208,0.13239767310054243,10,1.0
60,0.5,-0.12744692648014208,0.12107612371544121,8,1.0
61,0.9444444444444444,-0.1450702811630041,0.05571030640668529,18,0.0005
62,0.7608695652173914,-0.0959757262085504,0.11487626646341105,46,0.125
63,0.25,-0.07796208530805701,0.021017534495020893,4,8.0
64,0.6896551724137931,-0.10602508794018836,0.47971802570693245,29,3.000000000000003
65,0.6,-0.12384560869320532,0.17215820441891025,20,0.06666666666666667
66,0.7222222222222222,-0.13317721685165246,0.13329572747788002,36,1.0
67,0.7758620689655172,-0.10952361962788469,0.06113724346791794,58,0.125
68,0.6,-0.07076328063014231,0.16183546558391065,25,1.0
69,0.5714285714285714,-0.10739450055082081,0.49257719403280764,7,1.0
70,1.0,-0.10850597868684309,,3,0.03333333333333333
71,0.8461538461538461,-0.12195174300153014,0.15044808441034857,13,1.0
72,0.75,-0.14483445010897383,0.2605086463932015,20,1.0
73,0.8,-0.10241454528467125,0.13374233128834354,5,0.125
74,0.6363636363636364,-0.13554291919229375,0.06604358694714474,11,1.0
75,0.625,-0.07076328063014231,0.14193397161952798,24,1.0
76,0.9411764705882353,-0.1471927292912474,0.05571030640668529,17,0.0005
77,0.75,-0.10346030202533985,0.11179058441558438,16,0.002
78,0.5714285714285714,-0.10739450055082081,0.49257719403280764,7,1.0
79,0.6666666666666666,-0.13214321095665071,0.2878516983834663,9,0.1
80,0.8260869565217391,-0.08852217928490955,0.06413457297742013,23,0.125
81,0.7105263157894737,-0.10566768763055896,0.11964719842291088,38,0.5
82,0.6097560975609756,-0.11077702826057316,0.15755033025403367,41,0.041666666666666664
83,0.6666666666666666,-0.025396098986031866,0.3382978723404255,3,1.0
84,0.8888888888888888,-0.10333079148060474,0.03174603174603184,9,1.0
85,0.3333333333333333,-0.020987654320987648,0.03561436444013802,3,1.0
86,0.5833333333333334,-0.10245483112490104,0.052761090813247445,12,1.0
87,0.9375,-0.15327224457733057,0.05571030640668529,16,0.0005
88,0.6,-0.04794198763945983,0.16426495020530815,10,1.0
89,0.6888888888888889,-0.13825827764338877,0.19369777457352882,45,1.0
90,0.6666666666666666,-0.08413689844454758,0.17374478449222416,9,1.0
91,,,,0,
92,0.7333333333333333,-0.10163861628960297,0.1273460082372152,60,0.0011111111111111111
93,0.75,-0.10680461094149002,0.12452306202109856,28,1.0
94,1.0,-0.06146542379039412,,7,1.0
95,0.64,-0.10778365277691526,0.2505384433291021,25,0.16667
96,0.2,-0.06216600272055972,0.11454665395656731,10,1.0
97,0.47058823529411764,-0.1090671958191419,0.1818718464089707,17,1.0
98,0.5625,-0.11159660569427282,0.08663735281803826,16,0.007352941176470588
99,0.6666666666666666,-0.08593766624094949,0.038111888111888,6,1.0
100,0.7777777777777778,-0.16519728606168455,0.8187830687830688,9,1.0
101,0.75,-0.2084660093009838,0.28801169590643283,4,1.0
102,0.4444444444444444,-0.027153076402913236,0.033688271530162815,9,4.0
103,1.0,-0.07701088555457491,,2,1.0
104,0.4444444444444444,-0.1030047732404235,0.1267599281919551,27,0.1
105,1.0,-0.10333079148060474,,8,1.0
106,0.7619047619047619,-0.14146522723059315,0.1600515350590653,21,0.0025
107,0.9375,-0.15327224457733057,0.05571030640668529,16,0.0005
108,0.7142857142857143,-0.0937806043424884,0.1425549623407165,63,0.125
109,0.8181818181818182,-0.16672615782423547,0.42078081232493,11,1.0
110,0.7142857142857143,-0.12424917345048175,0.21880291446558423,35,0.002
111,0.7777777777777778,-0.16519728606168455,0.8187830687830688,9,1.0
112,0.7373737373737373,-0.07247891668945472,0.13093266559735622,99,8.333500000000001e-05
113,0.9166666666666666,-0.07855745626230336,0.029610168288006708,12,1.0
114,0.5294117647058824,-0.08867261968979856,0.15386300813014422,17,1.0
115,0.6818181818181818,-0.13463476813973385,0.19369777457352882,44,1.0
116,0.7333333333333333,-0.10163861628960297,0.1273460082372152,60,0.0011111111111111111
117,0.7333333333333333,-0.09521537598057571,0.11179058441558438,15,0.002
118,0.6896551724137931,-0.10602508794018836,0.47971802570693245,29,3.000000000000003
119,0.5714285714285714,-0.10739450055082081,0.49257719403280764,7,1.0
120,0.6483516483516484,-0.11291140876932088,0.09888197981070183,91,2.1599999999999997
121,0.7142857142857143,-0.12424917345048175,0.21880291446558423,35,0.002
122,0.8064516129032258,-0.12645555474187917,0.09578052224317257,31,0.016666666666666666
123,0.7142857142857143,-0.09900214655354368,0.11179058441558438,14,0.002
124,0.5714285714285714,-0.10739450055082081,0.49257719403280764,7,1.0
125,0.75,-0.10680461094149002,0.12452306202109856,28,1.0
126,0.5714285714285714,-0.10739450055082081,0.49257719403280764,7,1.0
127,0.75,-0.1184392237873784,0.07997655477031293,12,1.0
128,0.75,-0.10680461094149002,0.12452306202109856,28,1.0
129,0.6111111111111112,-0.06282585884454074,0.2654470752413948,18,0.0004
130,0.6363636363636364,-0.06498693085814988,0.1442319677568911,11,1.0
131,1.0,-0.10806994282900449,,4,0.06666666666666667
132,0.75,-0.1184392237873784,0.07997655477031293,12,1.0
133,0.5,-0.08789473684210522,0.05454545454545439,4,4.0
134,0.7333333333333333,-0.10163861628960297,0.1273460082372152,60,0.0011111111111111111
135,0.6666666666666666,-0.17718511737419382,0.404837603081573,9,1.0
136,0.6842105263157895,-0.11791236844538118,0.382978115950602,19,1.0
137,0.8,-0.11893830544940198,0.1359990018209892,25,0.002026666666666667
138,0.5714285714285714,-0.05691244606128688,0.13143919210372743,7,0.3333333333333333
139,0.7272727272727273,-0.07172153340729558,0.06163299542635579,22,0.15000000000000002
140,0.75,-0.06530474513946345,0.17274920844283426,12,1.0
141,0.4444444444444444,-0.062390255025528044,0.19761127061122777,9,1.0
142,0.5714285714285714,-0.06406996001643313,0.10815514653873502,21,1.0
143,0.7142857142857143,-0.06721528202834923,0.07326620158464597,7,0.0175
144,0.8888888888888888,-0.09912702723625359,0.10280373831775715,9,1.0
145,0.7142857142857143,-0.08698892203785977,0.12475648362352379,7,1.0
146,0.6666666666666666,-0.10778365277691526,0.25442628166060033,24,0.16667
147,0.7692307692307693,-0.12353250340624404,0.1374265832097157,13,1.0
148,0.7857142857142857,-0.11820191478538332,0.11302930766757555,84,0.027778333333333335
149,0.725,-0.11820948421307467,0.14735481338938952,80,1.0
150,0.7142857142857143,-0.10606177201398295,0.09047984318751302,14,1.0
151,0.5909090909090909,-0.08923620083330562,0.13868005820377616,22,1.0
152,1.0,-0.15155138339920948,,2,1.0
153,0.625,-0.19291875101852413,0.404837603081573,8,1.0
154,1.0,-0.042318928729788555,,5,1.0
155,0.7777777777777778,-0.13449367520233604,0.05640172735760976,9,1.0
156,0.6666666666666666,-0.08844300994461239,0.02107955019580958,15,0.33333
157,0.7777777777777778,-0.10680461094149002,0.13709694659107716,27,1.0
158,0.75,-0.07996368997733226,0.22426958160419286,16,1.0
159,0.6363636363636364,-0.045192652424233815,0.07768475725840403,11,1.0
160,0.6896551724137931,-0.10602508794018836,0.47971802570693245,29,3.000000000000003
161,0.7209302325581395,-0.11164566888102619,0.1473061411177953,43,0.1
162,1.0,-0.10806994282900449,,4,0.06666666666666667
163,0.6956521739130435,-0.07241799943365133,0.07506533410748814,23,1.0
164,1.0,-0.09294323729625774,,9,1.0
165,0.7142857142857143,-0.11012610103030986,0.1473061411177953,42,0.1
166,0.6521739130434783,-0.08803253197179184,0.09922797827691121,23,1.0
167,0.8095238095238095,-0.07848158651771558,0.055543987430317965,21,1.0
168,1.0,-0.11866637144806491,,6,1.0
169,0.6785714285714286,-0.10909909006235367,0.47971802570693245,28,3.000000000000003
170,0.8064516129032258,-0.12645555474187917,0.09578052224317257,31,0.016666666666666666
171,0.7692307692307693,-0.12353250340624404,0.1374265832097157,13,1.0
172,0.8529411764705882,-0.1190727197778069,0.3758933457859069,34,1.0
173,0.7333333333333333,-0.086228595997371,0.22426958160419286,15,1.0
174,0.8571428571428571,-0.08246224914861792,0.38504155124653744,7,1.0
175,0.8421052631578947,-0.10342147776368737,0.16300944853765212,19,1.0
176,0.5,-0.062390255025528044,0.22603506728501374,8,1.0
177,0.9230769230769231,-0.1265620967774904,,13,0.001
178,0.7142857142857143,-0.12424917345048175,0.21880291446558423,35,0.002
179,0.7142857142857143,-0.10606177201398295,0.09047984318751302,14,1.0
180,0.9,-0.11976999177188759,0.011299435028248598,10,1.0
181,0.6923076923076923,-0.10809031578789435,0.09047984318751302,13,1.0
182,0.5294117647058824,-0.08867261968979856,0.15386300813014422,17,1.0
183,1.0,-0.10133247557952706,,9,1.0
184,0.8181818181818182,-0.08549225537172914,0.10465053763440858,11,1.0
185,0.8333333333333334,-0.0988573023955491,,6,0.1
186,1.0,-0.06652050814959364,,6,1.0
187,0.6923076923076923,-0.12002707531985271,0.5353455411237155,13,0.0007407407407407407
188,0.4,-0.13580511483737287,0.32732156853254135,10,1.0
189,0.0,,0.28068703715911836,3,0.0005
190,0.8679245283018868,-0.12602414104835782,0.22272684666872186,53,0.1
191,0.5,-0.07103185805847759,0.12973657357632526,8,1.0
192,0.5,-0.293233082706767,0.18376068376068383,2,1.0
193,0.6,-0.11385550755152991,0.10615252166618369,10,0.05
194,0.875,-0.12998881816652724,0.015471698113207519,8,1.02128
195,0.6,-0.10685174897800225,0.3234625274733462,20,1.0
196,0.7142857142857143,-0.11012610103030986,0.1473061411177953,42,0.1
197,0.8260869565217391,-0.08852217928490955,0.06413457297742013,23,0.125
198,0.8333333333333334,-0.07939988491151975,0.38504155124653744,6,1.0
199,0.7192982456140351,-0.10516989970757752,0.1273460082372152,57,0.011111111111111112
200,0.5294117647058824,-0.08867261968979856,0.15386300813014422,17,1.0
201,0.8333333333333334,-0.12645555474187917,0.1044791103519378,30,0.016666666666666666
202,0.8333333333333334,-0.10107363376694005,0.5409200015739974,12,1.0
203,0.8888888888888888,-0.1310069640138138,0.011299435028248598,9,1.0
204,0.7692307692307693,-0.10784376621974731,0.13709694659107716,26,1.0
205,1.0,-0.09729111423488873,,8,1.0
206,0.8888888888888888,-0.1059200775954213,0.6401273885350319,9,1.0
207,0.8518518518518519,-0.13245454517871846,0.15488495200451727,27,0.06666666666666667
208,0.6,-0.06406996001643313,0.1148386023560769,20,1.0
209,0.5714285714285714,-0.18365898729636188,0.404837603081573,7,1.0
210,0.7021276595744681,-0.0938937702886122,0.0881770342202949,47,1.0
211,0.8571428571428571,-0.10535502194874248,0.06938461538461543,7,1.0
212,0.625,-0.16077958522305907,0.03278543612451534,8,1.0
213,0.6666666666666666,-0.12916666666666668,0.03984063745019918,3,1.0
214,0.6666666666666666,-0.07068811695221225,0.09410977732915635,15,0.013329999999999998
215,1.0,-0.19039074445121354,,6,1.0
216,0.6666666666666666,-0.12916666666666668,0.03984063745019918,3,1.0
217,0.5625,-0.11159660569427282,0.08663735281803826,16,0.007352941176470588
218,0.6111111111111112,-0.06128101912815412,0.04634496916296425,18,1.0
219,0.7058823529411765,-0.08622387767482069,0.05981021825607111,17,1.0
220,0.7058823529411765,-0.11909758384659924,0.21880291446558423,34,0.002
221,0.7142857142857143,-0.08411699232027195,0.22426958160419286,14,1.0
222,0.631578947368421,-0.09462134972375678,0.11103824087228471,19,1.0
223,0.8620689655172413,-0.09755699083622484,0.36135822875014845,29,0.05
224,0.696969696969697,-0.11730061760138046,0.21880291446558423,33,0.002
225,0.6923076923076923,-0.07976895816475905,0.22426958160419286,13,1.0
226,0.4444444444444444,-0.06016812867143469,0.13661190898353207,18,1.0
227,0.7,-0.17300946098979075,0.09046906442195958,10,1.0
228,0.7142857142857143,-0.1049482700072845,0.1273460082372152,56,0.011111111111111112
229,0.6521739130434783,-0.07506999724980999,0.36122440096242125,23,0.5
230,0.4482758620689655,-0.07479515469381647,0.08781738737115283,29,0.033334
231,0.8333333333333334,-0.09916019154265723,0.07200000000000006,6,1.0
232,0.8333333333333334,-0.10552582378625656,0.16300944853765212,18,1.0
233,0.7555555555555555,-0.09813760315255601,0.11487626646341105,45,0.125
234,0.8666666666666667,-0.12474055019513777,0.33860676003546647,15,0.03333333333333333
235,0.5882352941176471,-0.06547208109263118,0.2654470752413948,17,0.0004
236,0.6483516483516484,-0.11291140876932088,0.09888197981070183,91,2.1599999999999997
237,0.7272727272727273,-0.07172153340729558,0.06163299542635579,22,0.15000000000000002
238,0.36363636363636365,-0.09391551754412139,0.03494321024329154,11,1.0
239,0.9230769230769231,-0.07794205513594848,0.11415525114155252,13,1.0
240,0.5714285714285714,-0.18365898729636188,0.404837603081573,7,1.0
241,0.7857142857142857,-0.10972495288816969,0.045432544604208494,14,0.3333333333333333
242,1.0,-0.07760035764456447,,8,1.0
243,0.5,-0.09090909090909091,0.14739229024943298,2,1.0
244,0.7073170731707317,-0.11230717347963089,0.1473061411177953,41,0.1
245,0.6666666666666666,-0.07292189611717212,0.22426958160419286,12,1.0
246,1.0,-0.22078840178999695,,5,1.0
247,1.0,-0.08555054923570027,,5,0.0004
248,0.7777777777777778,-0.16519728606168455,0.8187830687830688,9,1.0
249,0.8571428571428571,-0.10535502194874248,0.06938461538461543,7,1.0
250,1.0,-0.10806994282900449,,4,0.06666666666666667
251,0.78125,-0.10856412034301342,0.13910696843649248,32,0.1
252,0.8333333333333334,-0.206271169054614,0.26694915254237306,6,1.0
253,0.75,-0.06530474513946345,0.17274920844283426,12,1.0
254,0.55,-0.08904225659831248,0.08396319817264945,20,1.0
255,0.5625,-0.06081711552960414,0.2654470752413948,16,0.0004
256,0.5714285714285714,-0.18365898729636188,0.404837603081573,7,1.0
257,0.2857142857142857,-0.09825688073394498,0.108647378722419,7,1.0
258,0.5,-0.1397080821898562,0.404837603081573,6,1.0
259,0.7073170731707317,-0.11230717347963089,0.1473061411177953,41,0.1
260,0.76,-0.11168376860340598,0.13709694659107716,25,1.0
261,0.8666666666666667,-0.12181523033818682,0.11111111111111112,15,0.005
262,0.6,-0.1397080821898562,0.008264462809917425,5,1.0
263,0.75,-0.1602391923427234,0.8187830687830688,8,1.0
264,0.6666666666666666,-0.10834244335296239,0.1525396574304013,15,0.125
265,0.5,-0.13372093023255818,0.13935144609991235,2,1.0
266,0.42857142857142855,-0.07979958302313327,0.08781738737115283,28,0.033334
267,0.7741935483870968,-0.11917489128673305,0.13989893503734604,31,0.006666666666666667
268,0.7735849056603774,-0.12510776089900938,0.25919060246802095,53,0.01
269,1.0,-0.07804662886311527,,6,0.14286
270,0.5454545454545454,-0.09512401474048306,0.1458615898427219,11,1.0
271,1.0,-0.11280545029346561,,3,1.0
272,1.0,-0.07794387124630035,,11,1.0
273,1.0,-0.07855745626230336,,11,1.0
274,0.6,-0.06081711552960414,0.29994249173642956,15,0.0004
275,0.4,-0.13580511483737287,0.32732156853254135,10,1.0
276,0.7142857142857143,-0.10834244335296239,0.16852890249666302,14,0.125
277,0.71875,-0.11730061760138046,0.2021462577105927,32,0.002
278,0.7346938775510204,-0.07252356734814062,0.13093266559735622,98,8.333500000000001e-05
279,0.825,-0.13578194116302048,0.10099315990187943,40,5e-05
280,0.5,-0.12296123571939697,0.01709321977464307,4,1.2762815625000026
281,0.8051948051948052,-0.11729687580140252,0.16347582226592308,77,1.0
282,1.0,-0.07855745626230336,,11,1.0
283,0.7,-0.10864711780410463,0.1473061411177953,40,0.1
284,0.8205128205128205,-0.13638756068679872,0.10099315990187943,39,5e-05
285,0.8484848484848485,-0.12089025197766363,0.3758933457859069,33,1.0
286,0.8888888888888888,-0.06171092721886244,,9,1.0
287,0.7272727272727273,-0.1305626086089855,0.07997655477031293,11,1.0
288,0.6923076923076923,-0.10325178929113366,0.1473061411177953,39,0.1
289,0.6,-0.11385550755152991,0.10615252166618369,10,0.05
290,0.7105263157894737,-0.10325178929113366,0.14080167950530223,38,0.1
291,0.6666666666666666,-0.11353201549868508,0.06462264150943388,6,1.0
292,0.3333333333333333,-0.06343283582089566,0.058985880504867874,3,1.0
293,0.75,-0.09636399516727993,0.11487626646341105,44,0.125
294,0.6,-0.11385550755152991,0.10615252166618369,10,0.05
295,0.7272727272727273,-0.1305626086089855,0.07997655477031293,11,1.0
296,0.7916666666666666,-0.11441183775984394,0.09216377338055073,24,0.06666666666666667
297,0.5714285714285714,-0.05691244606128688,0.13143919210372743,7,0.3333333333333333
298,0.75,-0.11424543516516168,0.13709694659107716,24,1.0
299,0.8,-0.11893830544940198,0.1359990018209892,25,0.002026666666666667
300,0.7441860465116279,-0.09892082456171197,0.11487626646341105,43,0.125
301,0.4,-0.13580511483737287,0.32732156853254135,10,1.0
302,0.6,-0.10685174897800225,0.3234625274733462,20,1.0
303,0.6428571428571429,-0.07491916376332762,0.09410977732915635,14,0.013329999999999998
304,0.0,,0.21560574948665293,1,1.0
305,0.75,-0.08844801897878062,0.24336903508768395,52,0.0010582433857142855
306,0.6521739130434783,-0.10630496970091179,0.25442628166060033,23,0.16667
307,1.0,-0.11280545029346561,,3,1.0
308,0.782608695652174,-0.11424543516516168,0.11301932992126859,23,1.0
309,0.8,-0.07193090746114694,0.16376306620209058,10,1.0
310,0.8333333333333334,-0.10552582378625656,0.16300944853765212,18,1.0
311,1.0,-0.06143486466210306,,2,1.0
312,0.8,-0.10364560543945867,0.027870326299645698,10,1.0
313,0.7619047619047619,-0.08640197223806681,0.05634163686752035,21,0.1
314,0.5,-0.062390255025528044,0.22603506728501374,8,1.0
315,0.6666666666666666,-0.11461339914916295,0.382978115950602,18,1.0
316,0.8679245283018868,-0.12602414104835782,0.22272684666872186,53,0.1
317,0.5,-0.12296123571939697,0.01709321977464307,4,1.2762815625000026
318,0.8181818181818182,-0.11424543516516168,0.1125385302176777,22,1.0
319,0.8333333333333334,-0.09185723550382151,0.03381731653137141,12,0.5078125
320,0.6363636363636364,-0.09927005522465275,0.09963826440257499,22,0.03333333333333333
321,0.7142857142857143,-0.1790217246888191,0.8187830687830688,7,1.0
322,0.8571428571428571,-0.09657456122658865,0.1889521100047416,28,0.5
323,0.7272727272727273,-0.07172153340729558,0.06163299542635579,22,0.15000000000000002
324,0.6,-0.07512840466926064,0.08000000000000007,5,1.0
325,0.46153846153846156,-0.04220489554471853,0.09479128945747455,13,1.0
326,0.6190476190476191,-0.09996410157325161,0.09963826440257499,21,0.03333333333333333
327,0.75,-0.10809031578789435,0.10715231500146244,12,1.0
328,1.0,-0.06652050814959364,,6,1.0
329,0.6666666666666666,-0.13214321095665071,0.2878516983834663,9,0.1
330,0.38461538461538464,-0.10426462325952954,0.10093125041563372,13,0.125
331,1.0,-0.0537792640596166,,5,1.0
332,0.0,,0.28068703715911836,3,0.0005
333,1.0,-0.22078840178999695,,5,1.0
334,0.4444444444444444,-0.06016812867143469,0.13661190898353207,18,1.0
335,0.8571428571428571,-0.12336360100136208,0.33860676003546647,14,0.03333333333333333
336,1.0,-0.10806994282900449,,4,0.06666666666666667
337,1.0,-0.050001983079393054,,4,1.0
338,0.8095238095238095,-0.09736499545046885,0.06691392495385236,21,1.0
339,0.6818181818181818,-0.10630496970091179,0.24167564910720496,22,0.16667
340,0.5,-0.10553241099083799,0.49257719403280764,6,1.0
341,0.5714285714285714,-0.06035473884177239,0.29994249173642956,14,0.0004
342,0.6483516483516484,-0.11291140876932088,0.09888197981070183,91,2.1599999999999997
343,0.8333333333333334,-0.10552582378625656,0.16300944853765212,18,1.0
344,0.4,-0.13580511483737287,0.32732156853254135,10,1.0
345,0.7735849056603774,-0.12510776089900938,0.25919060246802095,53,0.01
346,0.5,-0.12744692648014208,0.12107612371544121,8,1.0
347,1.0,-0.04054054054054061,,1,1.0
348,0.6,-0.10553241099083799,0.7250249605993845,5,1.0
349,0.8571428571428571,-0.1046930951996079,,7,1.0
350,0.5434782608695652,-0.08231164139173447,0.1442282842447926,46,0.0001332
351,0.651685393258427,-0.11329934756010039,0.09190823153246874,89,2.1599999999999997
352,0.8333333333333334,-0.10552582378625656,0.16300944853765212,18,1.0
353,0.5833333333333334,-0.0655440479818302,0.29743099008371543,12,0.0004
354,0.75,-0.08466952922601803,0.05634163686752035,20,0.1
355,0.6,-0.10553241099083799,0.7250249605993845,5,1.0
356,0.651685393258427,-0.11329934756010039,0.09190823153246874,89,2.1599999999999997
357,0.6666666666666666,-0.09774594742735362,0.47971802570693245,27,3.000000000000003
358,1.0,-0.08006746884695819,,10,1.0
359,1.0,-0.22078840178999695,,5,1.0
360,0.7631578947368421,-0.14716176442338139,0.08748582967121768,38,1.0
361,0.6666666666666666,-0.13128354635758427,0.06692640692640689,12,2.25
362,0.625,-0.15337704795317567,0.2878516983834663,8,0.1
363,0.7142857142857143,-0.10630496970091179,0.2515104795139614,21,0.16667
364,0.7894736842105263,-0.08466952922601803,0.06499226347570478,19,0.1
365,0.6428571428571429,-0.07491916376332762,0.09410977732915635,14,0.013329999999999998
366,0.5454545454545454,-0.06998187436571672,0.29743099008371543,11,0.0004
367,0.8,-0.14259741535714296,0.42078081232493,10,1.0
368,0.5789473684210527,-0.10266180102413078,0.3234625274733462,19,1.0
369,1.0,-0.08006746884695819,,10,1.0
370,0.8333333333333334,-0.12645555474187917,0.1044791103519378,30,0.016666666666666666
371,0.6190476190476191,-0.09996410157325161,0.09963826440257499,21,0.03333333333333333
372,0.75,-0.020024064107716573,0.061371841155234634,4,1.0
373,0.5789473684210527,-0.10266180102413078,0.3234625274733462,19,1.0
374,0.8571428571428571,-0.1249489556733866,0.11111111111111112,14,0.005
375,0.7916666666666666,-0.11441183775984394,0.09216377338055073,24,0.06666666666666667
376,0.6428571428571429,-0.08000941061626694,0.02107955019580958,14,0.33333
377,0.7333333333333333,-0.10586897590175276,0.22054629735538203,15,0.009523809523809525
378,0.7,-0.09667427098147338,0.2515104795139614,20,0.16667
379,0.7619047619047619,-0.07172153340729558,0.0727250266103924,21,1.5
380,1.0,-0.09729111423488873,,8,1.0
381,0.7142857142857143,-0.10424366127971581,0.22054629735538203,14,0.009523809523809525
382,0.8461538461538461,-0.1350215022440375,0.11111111111111112,13,0.005
383,0.6538461538461539,-0.09646246095888593,0.47971802570693245,26,3.000000000000003
384,0.6,-0.06406996001643313,0.1148386023560769,20,1.0
385,0.7441860465116279,-0.09892082456171197,0.11487626646341105,43,0.125
386,0.6666666666666666,-0.09280208122497796,0.037777777777777764,6,1.0
387,0.6923076923076923,-0.07491916376332762,0.06742726864861298,13,0.013329999999999998
388,0.8627450980392157,-0.12795875962784037,0.22272684666872186,51,0.1
389,0.7073170731707317,-0.13783196125956362,0.14762250054277956,41,1.0
390,0.9166666666666666,-0.10488405925983689,0.08706048208757174,24,1.0
391,0.6436781609195402,-0.11066816090725887,0.09190823153246874,87,2.1599999999999997
392,1.0,-0.10359557449085854,,5,1.0
393,0.6818181818181818,-0.10326662456623131,0.13644201904861855,22,0.0013333333333333333
394,0.75,-0.07491916376332762,0.015731650303880334,12,0.013329999999999998
395,0.7631578947368421,-0.14716176442338139,0.08748582967121768,38,1.0
396,0.6395348837209303,-0.10663332256624683,0.09190823153246874,86,2.1599999999999997
397,0.6666666666666666,-0.09280208122497796,0.037777777777777764,6,1.0
398,0.8627450980392157,-0.12795875962784037,0.22272684666872186,51,0.1
399,0.68,-0.09646246095888593,0.556413002735191,25,3.000000000000003
400,0.6666666666666666,-0.09280208122497796,0.037777777777777764,6,1.0
401,0.7272727272727273,-0.08153075526898587,0.015731650303880334,11,0.013329999999999998
402,0.84375,-0.12448583450240955,0.3758933457859069,32,1.0
403,0.6818181818181818,-0.10326662456623131,0.13644201904861855,22,0.0013333333333333333
404,0.75,-0.03668074283636812,0.042240995998221564,4,1.0
405,0.75,-0.08779968191672437,,4,40.0
406,0.7333333333333333,-0.07765336923925281,0.1050457558500078,15,1.0
407,0.7272727272727273,-0.11510160526138115,0.10715231500146244,11,1.0
408,1.0,-0.11280545029346561,,3,1.0
409,0.6428571428571429,-0.09023554631825512,0.47549868452171545,14,1.0
410,0.6666666666666666,-0.09566621139458317,0.556413002735191,24,3.000000000000003
411,0.5,-0.06577957556984407,0.1787555587319738,8,1.0
412,0.5294117647058824,-0.08867261968979856,0.15386300813014422,17,1.0
413,0.7631578947368421,-0.14716176442338139,0.08748582967121768,38,1.0
414,0.6309523809523809,-0.10677604499440381,0.09190823153246874,84,2.1599999999999997
415,0.875,-0.11735372435862702,0.01902173913043474,8,0.02
416,0.7777777777777778,-0.08455281921171601,0.026817007932115867,9,1.0
417,0.8125,-0.08275736191811724,0.06650251780545545,16,0.4
418,0.5555555555555556,-0.11002943040190619,0.3234625274733462,18,1.0
419,0.6666666666666666,-0.09566621139458317,0.556413002735191,24,3.000000000000003
420,0.7894736842105263,-0.06902633345376326,0.061855642915205296,19,1.5
421,0.8888888888888888,-0.1059200775954213,0.6401273885350319,9,1.0
422,0.5714285714285714,-0.07011698571510154,0.16661998598065433,14,0.005555333333333333
423,0.8333333333333334,-0.15337704795317567,0.6850828729281766,6,0.1
424,0.75,-0.0844927149219832,0.08503172951012318,8,0.05
425,0.725,-0.13783196125956362,0.14762250054277956,40,1.0
426,0.9230769230769231,-0.12336360100136208,0.666040335713391,13,0.03333333333333333
427,0.5,-0.062390255025528044,0.22603506728501374,8,1.0
428,0.7215189873417721,-0.11685679972558476,0.14735481338938952,79,1.0
429,0.8627450980392157,-0.12795875962784037,0.22272684666872186,51,0.1
430,1.0,-0.053963854274397996,,9,1.0
431,0.8,-0.16347137238546117,0.26694915254237306,5,1.0
432,0.8235294117647058,-0.09309046455094856,0.16300944853765212,17,1.0
433,0.6190476190476191,-0.09547099232398448,0.09922797827691121,21,1.0
434,0.375,-0.06176986427265416,0.13661190898353207,16,1.0
435,0.5882352941176471,-0.11002943040190619,0.32242736548134954,17,1.0
436,0.6,-0.06805214809793399,0.36122440096242125,20,0.5
437,0.84375,-0.12448583450240955,0.3758933457859069,32,1.0
438,0.8333333333333334,-0.12645555474187917,0.1044791103519378,30,0.016666666666666666
439,0.6,-0.06998187436571672,0.3234256423665491,10,0.0004
440,0.8333333333333334,-0.07939988491151975,0.38504155124653744,6,1.0
441,0.8620689655172413,-0.12645555474187917,0.11644794454369584,29,0.016666666666666666
442,0.725,-0.13783196125956362,0.14762250054277956,40,1.0
443,1.0,-0.11280545029346561,,3,1.0
444,0.8627450980392157,-0.12795875962784037,0.22272684666872186,51,0.1
445,0.85,-0.10172865051595634,0.0731197662792151,20,0.2
446,0.625,-0.15856861278464907,0.09046906442195958,8,1.0
447,0.8260869565217391,-0.07387754216333302,0.13136557316150577,23,0.125
448,0.7096774193548387,-0.12109535362322627,0.2021462577105927,31,0.002
449,0.7948717948717948,-0.1098461204300458,0.06582923083144851,39,1.0
450,0.5789473684210527,-0.06298758190341675,0.36122440096242125,19,0.5
451,0.4444444444444444,-0.11896424777163742,0.1132262725642322,9,1.0
452,0.8,-0.22805678881311486,0.023890784982935096,5,1.0
453,0.6,-0.09708632864083826,0.09922797827691121,20,1.0
454,0.5789473684210527,-0.13164768096638643,0.17215820441891025,19,0.06666666666666667
455,0.8181818181818182,-0.07245878313472026,0.13136557316150577,22,0.125
456,0.8888888888888888,-0.08201663046032923,0.012499999999999956,9,1.0
457,0.8627450980392157,-0.12795875962784037,0.22272684666872186,51,0.1
458,1.0,-0.10801524166526966,,7,1.0
459,0.4,-0.06176986427265416,0.13692901422798678,15,1.0
460,0.75,-0.10625381183197084,0.15381024239563262,12,1.4900000000000009
461,0.875,-0.09309046455094856,0.23536783134306355,16,1.0
462,0.42857142857142855,-0.06176986427265416,0.13017579427281678,14,1.0
463,0.8571428571428571,-0.12589463221140532,0.11644794454369584,28,0.05
464,0.631578947368421,-0.09708632864083826,0.09961894259215917,19,1.0
465,0.8,-0.0997818294052536,0.06691392495385236,20,1.0
466,0.8333333333333334,-0.08698892203785977,0.08720930232558148,6,1.0
467,0.8518518518518519,-0.12317891342131157,0.11644794454369584,27,0.05
468,1.0,-0.11280545029346561,,3,1.0
469,0.86,-0.12964676350676976,0.22272684666872186,50,0.1
470,0.7,-0.12643662896582888,0.2021462577105927,30,0.002
471,0.5,-0.062390255025528044,0.22603506728501374,8,1.0
472,0.8,-0.08072711120698771,0.055543987430317965,20,1.0
473,1.0,-0.05982281123600271,,8,1.0
474,0.6666666666666666,-0.07292189611717212,0.22426958160419286,12,1.0
475,0.8636363636363636,-0.08852217928490955,0.07682655332928547,22,0.125
476,0.6923076923076923,-0.07782483338323216,0.055165078364736886,26,0.015625
477,0.75,-0.07512840466926064,0.08000000000000007,4,1.0
478,0.6,-0.10428393760666016,0.2167093578902217,15,1.0
479,0.5789473684210527,-0.10358657772519743,0.09963826440257499,19,0.03333333333333333
480,0.7319587628865979,-0.07231714594206531,0.13093266559735622,97,8.333500000000001e-05
481,0.7,-0.11620726841440931,0.10715231500146244,10,1.0
482,0.72,-0.10599618727623289,0.16242703931153032,25,0.1
483,0.75,-0.08844801897878062,0.24336903508768395,52,0.0010582433857142855
484,0.46153846153846156,-0.06176986427265416,0.13270090774036206,13,1.0
485,0.8333333333333334,-0.08552360442871129,0.0371413406439378,12,1.0
486,0.5882352941176471,-0.11002943040190619,0.32242736548134954,17,1.0
487,0.78125,-0.10856412034301342,0.13910696843649248,32,0.1
488,0.8,-0.1190327754163681,,5,0.1
489,0.75,-0.03758843177215391,0.06403110903460278,8,1.5
490,0.7027027027027027,-0.1369193430403932,0.14762250054277956,37,1.0
491,0.8064516129032258,-0.10856412034301342,0.15929745119986,31,0.1
492,0.8888888888888888,-0.08201663046032923,0.012499999999999956,9,1.0
493,0.5714285714285714,-0.062390255025528044,0.1557218264080295,7,1.0
494,0.88,-0.12636909476510447,0.10004920213188073,25,0.05
495,0.5625,-0.10959669482068336,0.32242736548134954,16,1.0
496,0.5625,-0.10959669482068336,0.32242736548134954,16,1.0
497,0.8333333333333334,-0.15337704795317567,0.6850828729281766,6,0.1
498,0.8541666666666666,-0.12834545884547877,0.22272684666872186,48,0.1
499,0.8,-0.0997818294052536,0.06691392495385236,20,1.0
500,0.9130434782608695,-0.10220482861174544,0.08706048208757174,23,1.0
501,1.0,-0.22078840178999695,,5,1.0
502,0.7222222222222222,-0.08101374593345255,0.15499817098462068,18,0.16667
503,0.75,-0.0825040934288138,0.06301369863013698,4,1.0
504,0.5,-0.0719789193732456,0.15386300813014422,16,1.0
505,1.0,-0.22078840178999695,,5,1.0
506,0.6,-0.11159660569427282,0.07983613705456818,15,0.007352941176470588
507,0.5714285714285714,-0.062390255025528044,0.1557218264080295,7,1.0
508,0.8,-0.08072711120698771,0.055543987430317965,20,1.0
509,0.7090909090909091,-0.0747797892201743,0.05822681821956066,55,0.0005
510,1.0,-0.07588075880758803,,1,0.06666666666666667
511,1.0,-0.08035032733644762,,10,1.0
512,0.8275862068965517,-0.11265659087454703,0.15827103539956353,29,0.1
513,0.4166666666666667,-0.0850304141004192,0.09414714900513442,24,0.033334
514,0.5333333333333333,-0.08523160912046755,0.1442282842447926,45,0.0001332
515,0.48,-0.16121719969378104,0.10061914735539954,25,0.06666666666666667
516,0.7090909090909091,-0.0747797892201743,0.05822681821956066,55,0.0005
517,0.6666666666666666,-0.06792845300140345,0.05395752895752901,9,0.013329999999999998
518,0.8571428571428571,-0.10535502194874248,0.06938461538461543,7,1.0
519,0.875,-0.11828207344854057,0.6401273885350319,8,1.0
520,0.5,-0.13580511483737287,0.3947714296922253,8,1.0
521,0.75,-0.06792845300140345,0.04999999999999997,8,0.013329999999999998
522,1.0,-0.08948311737577522,,4,1.0
523,0.6111111111111112,-0.13164768096638643,0.17228740181733038,18,0.06666666666666667
524,0.775,-0.09923733790592561,0.13100916929439424,40,0.125
525,0.6842105263157895,-0.0970799901708517,0.12152166399076017,19,1.0
526,0.8,-0.14390251799516085,0.6850828729281766,5,0.1
527,0.5555555555555556,-0.07718518804622115,0.5125241555995453,9,0.05
528,0.6666666666666666,-0.11896424777163742,0.19337221633085894,6,1.0
529,0.6666666666666666,-0.06599999999999996,0.08000000000000007,3,1.0
530,0.5555555555555556,-0.08933935592774114,0.0834050265156592,18,1.0
531,0.7058823529411765,-0.08223795431693891,0.15499817098462068,17,0.16667
532,0.6875,-0.09351023089348943,0.05981021825607111,16,1.0
533,0.8461538461538461,-0.1350215022440375,0.11111111111111112,13,0.005
534,0.625,-0.06642919723661556,0.2811858889551621,16,0.5
535,0.6875,-0.0809991522301635,0.08945261363816437,16,0.1
536,0.3333333333333333,-0.07926574885273252,0.05776861252115054,3,1.0
537,0.875,-0.12359856271907974,0.18404605263157894,16,1.0
538,0.6875,-0.0809991522301635,0.08945261363816437,16,0.1
539,0.625,-0.1551870138362354,0.045538671981830425,8,1.0
540,0.5,-0.13289219826981905,0.04022271040846708,6,1.0
541,0.7777777777777778,-0.13337694383340143,0.09035207589123241,9,1.0
542,0.7037037037037037,-0.07620051843102307,0.05822681821956066,54,0.0005
543,0.8,-0.0796646026831785,0.38504155124653744,5,1.0
544,0.5714285714285714,-0.062390255025528044,0.1557218264080295,7,1.0
545,0.5,-0.12296123571939697,0.01709321977464307,4,1.2762815625000026
546,0.6,-0.06717671998098246,0.2811858889551621,15,0.5
547,0.8333333333333334,-0.12584340708639524,0.3758933457859069,30,1.0
548,0.42857142857142855,-0.09133180116993961,0.05255136539196712,7,1.0
549,0.7333333333333333,-0.1349782099214312,0.044048099789114746,15,0.133332
550,0.7,-0.12643662896582888,0.2021462577105927,30,0.002
551,0.6666666666666666,-0.1913300320358572,0.0757035966329394,6,1.0
552,0.5,-0.0719789193732456,0.15386300813014422,16,1.0
553,0.75,-0.1025522402291086,0.08690009282062983,16,0.07142857142857142
554,0.7058823529411765,-0.08223795431693891,0.15499817098462068,17,0.16667
555,0.8275862068965517,-0.12053835917491067,0.3758933457859069,29,1.0
556,0.8133333333333334,-0.11707684172850148,0.17148119777914334,75,1.0
557,0.75,-0.1620077408946273,0.26694915254237306,4,1.0
558,1.0,-0.10768444860948127,,6,1.0
559,0.6666666666666666,-0.1913300320358572,0.0757035966329394,6,1.0
560,0.7,-0.12643662896582888,0.2021462577105927,30,0.002
561,0.8333333333333334,-0.1305342344790233,0.11111111111111112,12,0.005
562,0.75,-0.09108359133126932,0.38504155124653744,4,1.0
563,0.8148148148148148,-0.10224421022146973,0.1800017397869615,27,0.1
564,0.6153846153846154,-0.12361771015781008,0.07983613705456818,13,0.007352941176470588
565,0.7333333333333333,-0.1349782099214312,0.044048099789114746,15,0.133332
566,0.6666666666666666,-0.12361771015781008,0.07741995617191072,12,0.007352941176470588
567,0.8243243243243243,-0.11707684172850148,0.1816046309274053,74,1.0
568,0.4375,-0.10641114172643573,0.1818718464089707,16,1.0
569,0.8148148148148148,-0.13551008054458444,0.10984594926352172,81,1.0
570,0.5,-0.08665002438361913,0.5125241555995453,8,0.05
571,1.0,-0.08555054923570027,,5,0.0004
572,0.8,-0.10289773096194446,0.5409200015739974,10,1.0
573,0.7169811320754716,-0.07620051843102307,0.061978020966611896,53,0.0005
574,0.8,-0.05948803596376663,0.2905263157894737,5,0.4
575,0.25,-0.18000000000000008,0.07000670346510403,4,1.0
576,1.0,-0.14390251799516085,,4,0.1
577,0.821917808219178,-0.11782039295537747,0.1816046309274053,73,1.0
578,0.7115384615384616,-0.07580581358588452,0.061978020966611896,52,0.0005
579,0.821917808219178,-0.11782039295537747,0.1816046309274053,73,1.0
580,0.7254901960784313,-0.07580581358588452,0.06547063708216723,51,0.0005
581,0.5294117647058824,-0.08472661830967258,0.0834050265156592,17,1.0
582,0.5555555555555556,-0.06945795679606884,0.07182267193162518,9,1.0
583,0.9285714285714286,-0.11365665791755383,0.009132420091324209,14,0.005
584,0.8,-0.11549690108395383,1.619047619047619,5,1.0
585,0.8571428571428571,-0.12258618220253494,0.6401273885350319,7,1.0
586,0.5882352941176471,-0.12315072799477582,0.17228740181733038,17,0.06666666666666667
587,0.7272727272727273,-0.13128354635758427,0.02367965367965365,11,2.25
588,0.5714285714285714,-0.1709237380127174,0.045538671981830425,7,1.0
589,0.7272727272727273,-0.07605047815719351,0.045432544604208494,11,0.3333333333333333
590,0.7142857142857143,-0.13999546554254957,0.044048099789114746,14,0.133332
591,0.7272727272727273,-0.12361771015781008,0.058091573083080335,11,0.007352941176470588
592,0.75,-0.08223795431693891,0.17133392062732755,16,0.16667
593,0.8846153846153846,-0.13245454517871846,0.18543290043290048,26,0.06666666666666667
594,0.6666666666666666,-0.07662538699690397,0.38504155124653744,3,1.0
595,0.625,-0.10198445118399171,0.11524494178343916,16,0.03333333333333333
596,0.5,-0.07430340557275535,0.38504155124653744,2,1.0
597,0.4782608695652174,-0.1676436436850817,0.10762563018639461,23,0.06666666666666667
598,0.8888888888888888,-0.10289773096194446,0.21827411167512686,9,1.0
599,0.7142857142857143,-0.13999546554254957,0.044048099789114746,14,0.133332
600,0.75,-0.05517132710363229,0.2905263157894737,4,0.4
601,0.7333333333333333,-0.08349403628833527,0.17133392062732755,15,0.16667
602,0.5789473684210527,-0.06919520113680816,0.1148386023560769,19,1.0
603,0.4666666666666667,-0.10641114172643573,0.1937724938767587,15,1.0
604,1.0,-0.08976705732460205,,4,0.0004
605,0.8333333333333334,-0.10760285110615202,0.6401273885350319,6,1.0
606,1.0,-0.05517132710363229,,3,0.4
607,0.6666666666666666,-0.09982239576886831,0.12152166399076017,18,1.0
608,0.8181818181818182,-0.11834958515098447,0.11111111111111112,11,0.005
609,0.5,-0.07430340557275535,0.38504155124653744,2,1.0
610,0.6428571428571429,-0.09023554631825512,0.47549868452171545,14,1.0
611,0.9166666666666666,-0.0880266630667584,0.2566044822837111,24,1.0
612,0.825,-0.13551008054458444,0.11395781877698874,80,1.0
613,0.8181818181818182,-0.11834958515098447,0.11111111111111112,11,0.005
614,0.5,-0.1383096901083251,0.21684871278652845,10,0.06666666666666667
615,0.8076923076923077,-0.10505378007757575,0.1800017397869615,26,0.1
616,0.5714285714285714,-0.13580511483737287,0.45131827623884835,7,1.0
617,1.0,-0.22078840178999695,,5,1.0
618,0.8,-0.1212924567431852,0.144578313253012,10,1.0
619,0.4,-0.28647535005834307,0.045538671981830425,5,1.0
620,0.45454545454545453,-0.14496930790587942,0.10762563018639461,22,0.06666666666666667
621,0.7142857142857143,-0.13999546554254957,0.044048099789114746,14,0.133332
622,0.7777777777777778,-0.14021393036114133,0.032957793061153,9,0.007352941176470588
623,0.6923076923076923,-0.14236784306987615,0.044048099789114746,13,0.133332
624,0.5555555555555556,-0.1383096901083251,0.2466651882078696,9,0.06666666666666667
625,0.8333333333333334,-0.10760285110615202,0.6401273885350319,6,1.0
626,0.8,-0.09910862982951099,0.11111111111111112,10,0.005
627,0.7,-0.12643662896582888,0.2021462577105927,30,0.002
628,0.5,-0.15543246080880488,0.45131827623884835,6,1.0
629,0.7333333333333333,-0.08349403628833527,0.17133392062732755,15,0.16667
630,0.8571428571428571,-0.08792920533097319,0.07682655332928547,21,0.125
631,0.8,-0.08652376590289204,0.6401273885350319,5,1.0
632,0.5,-0.0665744873849054,0.2466651882078696,8,0.06666666666666667
633,0.8333333333333334,-0.13531292241678303,0.11185666813935018,78,1.0
634,0.7446808510638298,-0.08676445677339498,0.09395965608310172,47,1.1550000000000002
635,0.7,-0.12643662896582888,0.2021462577105927,30,0.002
636,0.5555555555555556,-0.06945795679606884,0.07182267193162518,9,1.0
637,0.7058823529411765,-0.09982239576886831,0.1196755174884502,17,1.0
638,0.5,-0.09326366960514755,0.07634681601789625,14,1.0
639,0.6730769230769231,-0.12150394973500561,0.21700799703575366,52,1.0
640,0.6,-0.04359892062366181,0.07768475725840403,10,1.0
641,0.7142857142857143,-0.0770452504547127,0.06547063708216723,49,0.0005
642,0.6666666666666666,-0.12296123571939697,0.014955670318516981,3,1.2762815625000026
643,0.7142857142857143,-0.14104115639258613,0.032957793061153,7,0.007352941176470588
644,0.7241379310344828,-0.12643662896582888,0.20512621599673417,29,0.002
645,0.7058823529411765,-0.09982239576886831,0.1196755174884502,17,1.0
646,0.9090909090909091,-0.11404385415832,0.666040335713391,11,0.03333333333333333
647,0.6666666666666666,-0.12296123571939697,0.014955670318516981,3,1.2762815625000026
648,0.725,-0.12713704292995118,0.10972133322209285,80,0.125
649,0.9090909090909091,-0.11404385415832,0.666040335713391,11,0.03333333333333333
650,0.6923076923076923,-0.14236784306987615,0.044048099789114746,13,0.133332
651,0.5,-0.062378167641325595,0.014955670318516981,2,1.2762815625000026
652,0.4090909090909091,-0.09325723666835345,0.09723083999365752,22,0.033334
653,0.9,-0.10710755037198953,0.666040335713391,10,0.03333333333333333
654,0.84,-0.10193216621493101,0.36135822875014845,25,0.05
655,1.0,-0.0771296296296297,,1,0.1
656,0.42857142857142855,-0.0842808058065741,0.15386300813014422,14,1.0
657,0.9,-0.10710755037198953,0.666040335713391,10,0.03333333333333333
658,0.8529411764705882,-0.1386831971168391,0.08210922323071965,34,5e-05
659,0.6666666666666666,-0.14132093598014997,0.044048099789114746,12,0.133332
660,0.7142857142857143,-0.10198445118399171,0.17974496372366075,14,0.03333333333333333
661,0.7142857142857143,-0.11894893660459652,0.20512621599673417,28,0.002
662,0.6923076923076923,-0.07762626881930088,0.17133392062732755,13,0.16667
663,0.8787878787878788,-0.1386831971168391,0.09309454430557512,33,5e-05
664,0.6,-0.06635198765635796,0.0927388155310145,20,1.4641000000000004
665,0.8888888888888888,-0.10457242728950733,0.666040335713391,9,0.03333333333333333
666,0.7142857142857143,-0.11894893660459652,0.20512621599673417,28,0.002
667,0.7391304347826086,-0.08324007589633581,0.09395965608310172,46,1.1550000000000002
668,0.8441558441558441,-0.13531292241678303,0.11342470227680515,77,1.0
669,0.6666666666666666,-0.06571571956868755,0.17133392062732755,12,0.16667
670,0.7407407407407407,-0.11894893660459652,0.2266155059644438,27,0.002
671,0.8787878787878788,-0.1386831971168391,0.09309454430557512,33,5e-05
672,0.65,-0.09565691338923513,0.13644201904861855,20,0.0013333333333333333
673,0.875,-0.10590590329685193,0.666040335713391,8,0.03333333333333333
674,1.0,-0.09471323838098744,,7,1.0
675,0.72,-0.10599618727623289,0.16242703931153032,25,0.1
676,0.6875,-0.0945720901500602,0.1196755174884502,16,1.0
677,0.42857142857142855,-0.12802991016344134,0.10762563018639461,21,0.06666666666666667
678,0.6,-0.06998187436571672,0.3234256423665491,10,0.0004
679,0.7777777777777778,-0.11176324612094489,0.11111111111111112,9,0.005
680,1.0,-0.07072187883048534,,6,1.0
681,1.0,-0.1891617675080023,,4,1.0
682,0.7777777777777778,-0.0861508902392372,0.004892238529683977,9,0.3333333333333333
683,0.7333333333333333,-0.0945720901500602,0.039990637074547336,15,1.0
684,0.6,-0.06165818384091226,0.1370873786407767,5,1.0
685,0.5,-0.0675718725718726,0.2216740783092984,6,1.0
686,0.7419354838709677,-0.07201538849755193,0.13756012723649033,93,8.333500000000001e-05
687,0.6666666666666666,-0.1408045207419716,0.044048099789114746,9,0.133332
688,0.6,-0.06814718700996789,0.17133392062732755,10,0.16667
689,0.625,-0.1528939963189374,0.044048099789114746,8,0.133332
690,0.4090909090909091,-0.09325723666835345,0.09723083999365752,22,0.033334
691,0.5,-0.0675718725718726,0.2216740783092984,6,1.0
692,0.7692307692307693,-0.11894893660459652,0.23879575001447542,26,0.002
693,0.7857142857142857,-0.0945720901500602,0.039990637074547336,14,1.0
694,1.0,-0.08600414078674945,,3,0.0004
695,0.8148148148148148,-0.11049306312606495,0.1550240777926521,27,1.0
696,0.625,-0.1528939963189374,0.044048099789114746,8,0.133332
697,0.7222222222222222,-0.09565691338923513,0.1757308113800507,18,0.0013333333333333333
698,0.7692307692307693,-0.11894893660459652,0.23879575001447542,26,0.002
699,0.5,-0.11641161561066528,0.029846360496093297,6,1.0
700,0.7333333333333333,-0.07917076345254384,0.09395965608310172,45,1.1550000000000002
701,1.0,-0.08600414078674945,,3,0.0004
702,0.8461538461538461,-0.0945720901500602,0.056801242236024826,13,1.0
703,0.7647058823529411,-0.09565691338923513,0.21892386925464918,17,0.0013333333333333333
704,0.9032258064516129,-0.1396068644131365,0.10031653526457633,31,5e-05
705,0.6923076923076923,-0.10055688621719443,0.17974496372366075,13,0.03333333333333333
706,0.8333333333333334,-0.09884411397988105,0.056801242236024826,12,1.0
707,0.6,-0.16435183477779824,0.027870326299645698,5,1.0
708,0.8666666666666667,-0.09565691338923513,0.19497024563180554,15,0.0013333333333333333
709,0.5,-0.04899476332139655,0.27151128234519945,6,0.25
710,0.9090909090909091,-0.09884411397988105,0.0864285714285715,11,1.0
711,0.9090909090909091,-0.1038836974933131,0.08706048208757174,22,1.0
712,0.6666666666666666,-0.11388254429678851,,3,0.1
713,0.5,-0.03954609929078018,0.1370873786407767,4,1.0
714,0.8333333333333334,-0.13991017163824265,0.18404605263157894,12,1.0
715,0.75,-0.0656992193128935,0.026817007932115867,8,1.0
716,0.896551724137931,-0.14346393991082823,0.10031653526457633,29,5e-05
717,1.0,-0.09311435573617025,,5,1.0
718,0.7692307692307693,-0.10507430633349216,0.05476616071627078,13,0.0005333333333333334
719,0.7142857142857143,-0.103184884458392,0.08690009282062983,14,0.07142857142857142
720,0.5,-0.060840637985620276,0.1557218264080295,6,1.0
721,0.8,-0.10693568256460059,0.1800017397869615,25,0.1
722,0.8,-0.14702430852485393,0.11805555555555566,5,1.0
723,0.38461538461538464,-0.0729161080721834,0.15386300813014422,13,1.0
724,0.8,-0.10693568256460059,0.1800017397869615,25,0.1
725,0.6666666666666666,-0.06867294806298588,0.1914316491302133,6,1.0
726,0.5,-0.060840637985620276,0.1557218264080295,6,1.0
727,0.5,-0.105562137049942,0.12168023802067024,4,0.04
728,0.3333333333333333,-0.0070921985815602905,0.1370873786407767,3,1.0
729,0.25,-0.17511520737327185,0.1557218264080295,4,1.0
730,0.9,-0.09166219978750735,0.0472103004291845,10,0.2
731,0.8333333333333334,-0.1178053366833186,0.06938461538461543,6,1.0
732,0.7,-0.11010242931419732,0.58685031720086,10,0.0007407407407407407
733,0.9,-0.09166219978750735,0.0472103004291845,10,0.2
734,0.7857142857142857,-0.18210860237257845,0.4505233817715193,14,0.06666666666666667
735,0.75,-0.03668074283636812,0.042240995998221564,4,1.0
736,0.6666666666666666,-0.14475275675377897,0.28801169590643283,3,1.0
737,0.5454545454545454,-0.10452302636141482,0.19993562253184985,11,1.0
738,0.5,-0.0070921985815602905,0.19417475728155334,2,1.0
739,0.5,-0.008381689232752999,0.20333839150227617,2,1.0
740,0.8928571428571429,-0.14583171099040743,0.10031653526457633,28,5e-05
741,0.8888888888888888,-0.07061069542475353,0.12793733681462147,9,1.0
742,0.5454545454545454,-0.10452302636141482,0.19993562253184985,11,1.0
743,0.0,,0.2835305557386776,2,0.0005
744,0.5,-0.17511520737327185,0.017857142857142873,2,1.0
745,0.875,-0.08435645912301314,0.09613798275215597,16,0.2
746,0.6363636363636364,-0.09433575362417916,0.22562335565214434,11,1.0
747,0.875,-0.10725652786427141,0.08097165991902834,16,1.0
748,0.6363636363636364,-0.07545306383269658,0.14202009156271617,11,0.08333
749,0.8333333333333334,-0.05088641300561819,0.012499999999999956,6,1.0
750,0.5,-0.22048500962211956,0.044048099789114746,6,0.133332
751,0.782608695652174,-0.13104377229281713,0.3824867648895923,23,0.005
752,0.68,-0.11910149969791707,0.22347768033094223,50,1.0
753,0.9166666666666666,-0.09099055126488366,0.030658838878017063,12,0.1
754,0.88,-0.13036088778234683,0.18543290043290048,25,0.06666666666666667
755,0.782608695652174,-0.13104377229281713,0.3824867648895923,23,0.005
756,1.0,-0.20057928107866582,,2,1.0
757,0.7,-0.07545306383269658,0.14513569964137732,10,0.08333
758,0.6470588235294118,-0.06128101912815412,0.04104127803963079,17,1.0
759,0.7647058823529411,-0.1100986089267792,0.06582923083144851,34,1.0
760,0.8,-0.11359583397284023,0.5579060133700852,15,1.0
761,0.7333333333333333,-0.07765336923925281,0.1050457558500078,15,1.0
762,0.625,-0.11190018261890211,,8,0.1
763,1.0,-0.06902621711506499,,5,1.0
764,0.6,-0.22048500962211956,0.04130434782608695,5,0.133332
765,0.7555555555555555,-0.12079019955775078,0.35044041457991093,45,0.4
766,0.7692307692307693,-0.11894893660459652,0.23879575001447542,26,0.002
767,1.0,-0.12916666666666668,,2,1.0
768,0.5,-0.27557380738073806,0.04130434782608695,4,0.133332
769,0.8461538461538461,-0.10020731295060833,0.8278769841269841,13,1.0
770,0.8888888888888888,-0.07061069542475353,0.12793733681462147,9,1.0
771,1.0,-0.15155138339920948,,2,1.0
772,0.9166666666666666,-0.10020731295060833,1.544642857142857,12,1.0
773,0.75,-0.0853578567942616,0.004892238529683977,8,0.3333333333333333
774,0.6666666666666666,-0.27557380738073806,0.0724637681159421,3,0.133332
775,0.9230769230769231,-0.10066427796140796,0.009132420091324209,13,0.005
776,0.5,-0.3240740740740741,0.08860759493670879,2,1.0
777,1.0,-0.034965034965034995,,1,1.0
778,0.6,-0.0833197705556253,0.0750479243786357,5,1.0
779,0.8888888888888888,-0.07061069542475353,0.12793733681462147,9,1.0
780,1.0,-0.0490185325491277,,2,0.14286
781,0.0,,0.2835305557386776,2,0.0005
782,0.5,-0.09679190617537951,0.2811652597282412,12,1.0
783,0.9285714285714286,-0.12302433517485231,0.10948905109489034,14,0.006666666666666667
784,1.0,-0.09149998301988031,,3,1.0
785,0.8,-0.07840090090090089,0.04999999999999997,5,0.013329999999999998
786,0.7142857142857143,-0.0779217562704553,0.23536783134306355,7,1.0
787,,,,0,
788,0.5,-0.3728813559322034,0.26694915254237306,2,1.0
789,0.7692307692307693,-0.11894893660459652,0.23879575001447542,26,0.002
790,0.6666666666666666,-0.16465201465201465,0.0181818181818182,3,1.0
791,0.0,,0.2835305557386776,2,0.0005
792,0.6521739130434783,-0.10589268434494158,0.3742635246288742,23,0.05
793,0.8,-0.1416260402235176,0.06938461538461543,5,1.0
794,1.0,-0.293233082706767,,1,1.0
795,0.0,,0.08823529411764713,1,1.0
796,0.8780487804878049,-0.13721816054032307,0.23458161780851994,41,0.002857142857142857
797,0.5,-0.06589968110784193,0.03415738407500807,4,1.0
798,0.875,-0.13711183377531982,0.23458161780851994,40,0.002857142857142857
799,0.6818181818181818,-0.10589268434494158,0.39628768920026913,22,0.05
800,0.9090909090909091,-0.09185723550382151,0.014539579967689798,11,0.5078125
801,0.6666666666666666,-0.1104312374284038,0.39628768920026913,21,0.05
802,0.7,-0.1104312374284038,0.444545227040323,20,0.05
803,0.6666666666666666,-0.06867294806298588,0.1914316491302133,6,1.0
804,0.5,-0.21561866125760648,0.027870326299645698,4,1.0
805,1.0,-0.14702430852485393,,4,1.0
806,0.5,-0.11263736263736267,0.0181818181818182,2,1.0
807,0.5,-0.07913539492647166,0.11949950578214834,18,0.25
808,0.0,,0.13935144609991235,1,1.0
809,0.0,,0.0746753246753247,1,0.0005
810,0.9,-0.09998965379725994,0.0184814351272424,20,0.1
811,1.0,-0.065383002516075,,2,1.0
812,0.875,-0.06228851200236927,0.12793733681462147,8,1.0
813,1.0,-0.09825105313943462,,3,1.0
814,0.7916666666666666,-0.10392192496234023,0.15064224637541201,48,0.011111111111111112
815,0.45454545454545453,-0.10426462325952954,0.12779745939878498,11,0.125
816,0.8088235294117647,-0.11203524478015091,0.1816046309274053,68,1.0
817,0.75,-0.05545576244371425,0.3098591549295776,4,1.0
818,0.7727272727272727,-0.11938603230341366,0.3824867648895923,22,0.005
819,0.7272727272727273,-0.09881566668801336,0.05476616071627078,11,0.0005333333333333334
820,0.0,,0.058985880504867874,2,1.0
821,0.8717948717948718,-0.1379525603045073,0.23458161780851994,39,0.002857142857142857
822,0.3333333333333333,-0.12979591836734694,0.06170699048850315,3,1.0
823,0.8088235294117647,-0.11203524478015091,0.1816046309274053,68,1.0
824,0.6923076923076923,-0.10055688621719443,0.17974496372366075,13,0.03333333333333333
825,0.85,-0.13075908450445986,0.13620477239110143,20,0.030303030303030304
826,0.8333333333333334,-0.1190394901278857,0.13833671399594316,12,0.05
827,1.0,-0.09545053629324945,,4,1.0
828,0.6666666666666666,-0.21561866125760648,0.05050505050505055,3,1.0
829,0.8181818181818182,-0.11985475262436474,0.13833671399594316,11,0.05
830,0.6666666666666666,-0.0890074977760834,0.00537634408602151,3,0.013329999999999998
831,0.7368421052631579,-0.10005772098807919,0.22482977380971275,19,0.125
832,0.45454545454545453,-0.11149912461975772,0.2811652597282412,11,1.0
833,0.85,-0.13075908450445986,0.13620477239110143,20,0.030303030303030304
834,0.38095238095238093,-0.09304730264430268,0.09723083999365752,21,0.033334
835,0.7777777777777778,-0.10005772098807919,0.09122240244732618,18,0.125
836,0.45454545454545453,-0.11149912461975772,0.2811652597282412,11,1.0
837,0.8666666666666667,-0.10781472231536922,0.08097165991902834,15,1.0
838,0.4,-0.09304730264430268,0.10284099584007547,20,0.033334
839,0.6666666666666666,-0.12896330370601383,0.13374233128834354,3,0.125
840,1.0,-0.0313725490196077,,1,1.0
841,1.0,-0.3728813559322034,,1,1.0
842,0.5,-0.4376923076923077,1.4057971014492754,2,1.0
843,1.0,-0.049850310332238024,,2,1.0
844,0.8717948717948718,-0.1379525603045073,0.23458161780851994,39,0.002857142857142857
845,0.7916666666666666,-0.10392192496234023,0.15064224637541201,48,0.011111111111111112
846,0.85,-0.0887365146447677,0.07682655332928547,20,0.125
847,0.6666666666666666,-0.0665744873849054,0.033514128833534204,6,0.06666666666666667
848,0.7090909090909091,-0.0858968449395155,0.12802693260237635,55,0.125
849,0.7777777777777778,-0.10005772098807919,0.09122240244732618,18,0.125
850,0.8717948717948718,-0.1379525603045073,0.23458161780851994,39,0.002857142857142857
851,1.0,-0.03736263736263735,,1,1.0
852,0.68,-0.11910149969791707,0.22347768033094223,50,1.0
853,0.6938775510204082,-0.11910149969791707,0.23113481304266023,49,1.0
854,0.14285714285714285,-0.034107009694258054,0.03796872627987049,14,0.28572
855,1.0,-0.11993901449429811,,3,1.0
856,0.6666666666666666,-0.06589968110784193,0.04227733934611049,3,1.0
857,0.5454545454545454,-0.10452302636141482,0.19993562253184985,11,1.0
858,0.6363636363636364,-0.06380716734787116,0.08412826100390924,11,0.005555333333333333
859,0.6923076923076923,-0.11377388600779605,0.16852890249666302,13,0.125
860,0.5555555555555556,-0.06910835182373738,0.1148386023560769,18,1.0
861,0.5,-0.10426462325952954,0.1164200143416051,10,0.125
862,1.0,-0.06589968110784193,,2,1.0
863,1.0,-0.06589968110784193,,2,1.0
864,0.7916666666666666,-0.10392192496234023,0.15064224637541201,48,0.011111111111111112
865,0.4444444444444444,-0.10046729784574299,0.1164200143416051,9,0.125
866,1.0,-0.10066427796140796,,12,0.005
867,0.9166666666666666,-0.09099055126488366,0.030658838878017063,12,0.1
868,1.0,-0.10066427796140796,,12,0.005
869,0.7872340425531915,-0.10330948297534907,0.15064224637541201,47,0.011111111111111112
870,0.9285714285714286,-0.12114826331956337,0.09339527313417652,42,3.2699999999999996e-06
871,0.2,-0.05784399649430325,0.04225481401422371,5,1.0
872,0.5,-0.024752475247524774,0.06285714285714292,2,1.0
873,0.782608695652174,-0.099234746391331,0.15064224637541201,46,0.011111111111111112
874,0.5,-0.10046729784574299,0.10368401374290595,8,0.125
875,0.5714285714285714,-0.10046729784574299,0.13028175666289624,7,0.125
876,1.0,-0.09293680297397769,,1,1.0
877,0.6666666666666666,-0.10046729784574299,0.112089301661011,6,0.125
878,0.926829268292683,-0.12330941787418602,0.09339527313417652,41,3.2699999999999996e-06
879,1.0,-0.15897205763946176,,9,0.0025
880,0.926829268292683,-0.12330941787418602,0.09339527313417652,41,3.2699999999999996e-06
881,0.8421052631578947,-0.12890066308845774,0.13620477239110143,19,0.030303030303030304
882,0.6190476190476191,-0.06624334425341323,0.16216349859442683,42,1.0
883,0.3333333333333333,-0.04280618311533881,0.03362133185317186,3,1.0
884,0.9166666666666666,-0.09099055126488366,0.030658838878017063,12,0.1
885,0.8088235294117647,-0.11203524478015091,0.1816046309274053,68,1.0
886,0.8125,-0.0975775598139306,0.02607228043274547,16,1.0
887,0.8888888888888888,-0.06579674647139291,0.09494451294697921,9,1.0
888,0.5,-0.07300908184156647,0.22426958160419286,8,1.0
889,1.0,-0.11764415650103362,,3,1.0
890,0.35294117647058826,-0.10294985669508411,0.10284099584007547,17,0.033334
891,,,,0,
892,0.4,-0.11778616204210664,0.2811652597282412,10,1.0
893,0.8088235294117647,-0.11203524478015091,0.1816046309274053,68,1.0
894,0.6938775510204082,-0.11910149969791707,0.23113481304266023,49,1.0
895,0.0,,0.02058823529411773,1,1.0
896,0.9047619047619048,-0.15890841951687013,0.01678571428571434,21,0.0005
897,0.8088235294117647,-0.11203524478015091,0.1816046309274053,68,1.0
898,0.7916666666666666,-0.11224098326141362,0.1800017397869615,24,0.1
899,0.8095238095238095,-0.11938603230341366,0.4417508843975141,21,0.005
900,0.7142857142857143,-0.10484671415094032,0.13568869479157433,21,0.06666666666666667
901,0.4,-0.11778616204210664,0.2811652597282412,10,1.0
902,0.75,-0.11638102719750604,0.1359990018209892,20,0.002026666666666667
903,0.8666666666666667,-0.12529828826503636,0.06668045545054266,15,0.025
904,0.5,-0.10641114172643573,0.21168229174561162,14,1.0
905,0.7555555555555555,-0.12079019955775078,0.35044041457991093,45,0.4
906,0.9047619047619048,-0.15890841951687013,0.01678571428571434,21,0.0005
907,0.8333333333333334,-0.06860188934636127,0.07418488684311461,12,1.0
908,1.0,-0.03736263736263735,,1,1.0
909,1.0,-0.11764415650103362,,3,1.0
910,0.35294117647058826,-0.10294985669508411,0.10284099584007547,17,0.033334
911,1.0,-0.1325409232080171,,7,1.0
912,0.75,-0.0981996079361417,0.27742745581480077,12,1.0
913,0.7916666666666666,-0.11224098326141362,0.1800017397869615,24,0.1
914,0.7,-0.0931877073414694,0.05476616071627078,10,0.0005333333333333334
915,0.5,-0.20783028889752556,0.16427853192559078,6,0.06667
916,0.8,-0.11662118637538628,0.04428964568283454,10,1.0
917,0.75,-0.10484671415094032,0.14447200337014238,20,0.06666666666666667
918,0.8,-0.099234746391331,0.11903393068111041,45,0.011111111111111112
919,0.8888888888888888,-0.06579674647139291,0.09494451294697921,9,1.0
920,0.75,-0.07830928429275713,0.024390243902439157,4,0.004
921,0.3333333333333333,-0.029816513761467864,0.04744303395305972,3,4.0
922,0.8666666666666667,-0.10781472231536922,0.08097165991902834,15,1.0
923,0.8,-0.099234746391331,0.11903393068111041,45,0.011111111111111112
924,0.5,-0.10607279292402039,0.19993562253184985,10,1.0
925,0.8307692307692308,-0.11291695159231895,0.09762953115992615,65,1.0
926,0.875,-0.08435645912301314,0.09613798275215597,16,0.2
927,0.4,-0.25974543334628836,0.16427853192559078,5,0.06667
928,0.85,-0.11938603230341366,0.5883570568134326,20,0.005
929,1.0,-0.2588235294117647,,1,1.0
930,0.75,-0.10378664958588672,0.02889667250437829,4,1.0
931,0.5,-0.026684109160075534,0.07253603744427421,4,1.0
932,0.75,-0.07830928429275713,0.024390243902439157,4,0.004
933,0.8571428571428571,-0.17909691863089416,0.16477272727272715,7,1.0
934,1.0,-0.15897205763946176,,9,0.0025
935,0.8333333333333334,-0.19462644728460923,0.16477272727272715,6,1.0
936,0.5555555555555556,-0.06910835182373738,0.1148386023560769,18,1.0
937,0.6666666666666666,-0.1047931636610104,0.17974496372366075,12,0.03333333333333333
938,0.5,-0.07053116979162138,0.18404946432641894,4,0.16667
939,0.926829268292683,-0.12330941787418602,0.09339527313417652,41,3.2699999999999996e-06
940,0.8571428571428571,-0.1766633670059784,0.336842105263158,7,1.0
941,1.0,-0.14702430852485393,,4,1.0
942,0.8947368421052632,-0.1039738649314441,0.0184814351272424,19,0.1
943,1.0,-0.06220573514194448,,4,1.0
944,0.7368421052631579,-0.1104312374284038,0.4555262542972982,19,0.05
945,0.8888888888888888,-0.09209056299623988,0.0472103004291845,9,0.2
946,0.8,-0.099234746391331,0.11903393068111041,45,0.011111111111111112
947,0.75,-0.17389396588222475,0.10425329657185649,12,0.005556
948,0.5294117647058824,-0.07913539492647166,0.10649567578110186,17,0.25
949,0.9,-0.10532378939452565,0.08706048208757174,20,1.0
950,0.8,-0.099234746391331,0.11903393068111041,45,0.011111111111111112
951,0.75,-0.10436666169082304,0.0016366612111292612,16,1.0
952,0.6666666666666666,-0.28080808080808073,0.1652661064425771,3,1.0
953,0.6190476190476191,-0.08923620083330562,0.1382150654792482,21,1.0
954,0.5,-0.25974543334628836,0.16427853192559078,4,0.06667
955,0.8333333333333334,-0.1473439172918153,0.08157338186110562,12,1.0
956,0.8421052631578947,-0.12067197256550945,0.5883570568134326,19,0.005
957,1.0,-0.1323750039590645,,3,1.0
958,0.95,-0.15890841951687013,0.030000000000000027,20,0.0005
959,0.8421052631578947,-0.12067197256550945,0.5883570568134326,19,0.005
960,1.0,-0.20283018867924535,,1,1.0
961,0.8333333333333334,-0.17511848821904616,0.06097560975609762,6,1.0
962,1.0,-0.0490185325491277,,2,0.14286
963,1.0,-0.17762997261138477,,8,0.0025
964,0.9473684210526315,-0.1600640307744854,0.030000000000000027,19,0.0005
965,0.6666666666666666,-0.25974543334628836,0.29914529914529925,3,0.06667
966,0.6666666666666666,-0.03600970741044571,0.042240995998221564,3,1.0
967,0.7777777777777778,-0.13086814377159475,0.21444281524926687,9,1.0
968,0.6363636363636364,-0.09577507282704803,0.17974496372366075,11,0.03333333333333333
969,0.8421052631578947,-0.12067197256550945,0.5883570568134326,19,0.005
970,0.5,-0.06626506024096378,0.29914529914529925,2,0.06667
971,0.5,-0.025742523580426717,0.052617693011129174,10,2.0
972,0.8888888888888888,-0.12067197256550945,0.3149531676377314,18,0.005
973,1.0,-0.17762997261138477,,8,0.0025
974,1.0,-0.0890074977760834,,2,0.013329999999999998
975,0.6875,-0.09377916438258867,0.1225158045440525,16,0.25
976,0.9473684210526315,-0.10532378939452565,0.11397058823529396,19,1.0
977,0.7222222222222222,-0.11349608374642582,0.4555262542972982,18,0.05
978,0.5454545454545454,-0.08502406661908803,0.07312024763625857,11,1.0
979,0.6,-0.08090289619939,0.14195351541720708,10,1.0
980,0.5,-0.028000000000000025,0.04407061681032067,4,0.0072076936999999975
981,0.7058823529411765,-0.11335697936079446,0.4555262542972982,17,0.05
982,0.8,-0.099234746391331,0.11903393068111041,45,0.011111111111111112
983,0.6888888888888889,-0.12179513483978616,0.20190230814500967,45,0.00016666666666666666
984,0.75,-0.13899790902705952,0.21444281524926687,8,1.0
985,0.925,-0.121011474213128,0.09339527313417652,40,3.2699999999999996e-06
986,0.8421052631578947,-0.12890066308845774,0.13620477239110143,19,0.030303030303030304
987,0.8571428571428571,-0.09252750360094952,0.22414211754710026,28,0.125
988,0.9545454545454546,-0.11203976314451766,0.2774143901500577,22,0.08333333333333333
989,0.5,-0.07926574885273252,0.024166666666666597,2,1.0
990,0.7272727272727273,-0.16107542315596438,0.10425329657185649,11,0.005556
991,0.2,-0.05245901639344267,0.06611632015560376,5,1.0
992,0.5,-0.05750102434333849,0.062118881713098255,6,1.0
993,0.14285714285714285,-0.09308200544111941,0.138812118800155,7,1.0
994,0.8260869565217391,-0.0945032863874603,0.36135822875014845,23,0.05
995,1.0,-0.07889765153320233,,3,1.0
996,0.4,-0.1529977051061388,0.029846360496093297,5,1.0
997,0.6666666666666666,-0.11568012781748205,0.08661199238416797,36,1.0
998,1.0,-0.2865151515151515,,2,1.0
999,0.5555555555555556,-0.09150842670632454,0.14195351541720708,9,1.0
1000,0.3333333333333333,-0.10980592245470178,0.11101666168914326,15,0.033334
1001,0.8181818181818182,-0.15220594617195948,0.08157338186110562,11,1.0
1002,0.6666666666666666,-0.03647533312323058,0.07517846953458378,6,1.0
1003,0.65,-0.08114055379635328,0.07506533410748814,20,1.0
1004,0.5,-0.025395598343266,0.0013793103448275568,4,1.0
1005,0.8,-0.1934970407550911,0.06097560975609762,5,1.0
1006,0.3333333333333333,-0.020805908103171383,0.03781117672261102,6,1.0
1007,1.0,-0.09453695349027971,,2,1.0
1008,0.7857142857142857,-0.08462066824226153,0.02607228043274547,14,1.0
1009,0.75,-0.09897957454021526,0.00017860332202196825,4,1.0
1010,1.0,-0.12162550674777853,,2,1.0
1011,0.8,-0.099234746391331,0.11903393068111041,45,0.011111111111111112
1012,0.2,-0.0035587188612098888,0.03781117672261102,5,1.0
1013,1.0,-0.11919110655288852,,3,1.0
1014,0.8,-0.099234746391331,0.11903393068111041,45,0.011111111111111112
1015,0.8260869565217391,-0.11224098326141362,0.06542770664859547,23,0.1
1016,0.875,-0.061414145450476056,0.09494451294697921,8,1.0
1017,0.8260869565217391,-0.11224098326141362,0.06542770664859547,23,0.1
1018,0.6666666666666666,-0.10211888040550651,0.053526763381690864,3,1.0
1019,0.5,-0.07300908184156647,0.22426958160419286,8,1.0
1020,0.6666666666666666,-0.14240853658536584,0.023178807947019816,3,1.0
1021,0.7368421052631579,-0.10259550542146202,0.14447200337014238,19,0.06666666666666667
1022,0.828125,-0.11201275896502004,0.09762953115992615,64,1.0
1023,1.0,-0.05708318054330478,,2,1.0
1024,0.8333333333333334,-0.12172640577291648,0.13620477239110143,18,0.030303030303030304
1025,0.14285714285714285,-0.09308200544111941,0.138812118800155,7,1.0
1026,0.8,-0.1934970407550911,0.06097560975609762,5,1.0
1027,0.6666666666666666,-0.10576172419561708,0.06938461538461543,3,1.0
1028,0.75,-0.0981996079361417,0.27742745581480077,12,1.0
1029,0.8888888888888888,-0.10788347409320966,0.0184814351272424,18,0.1
1030,0.6666666666666666,-0.14240853658536584,0.023178807947019816,3,1.0
1031,0.7,-0.09880036094019436,0.19004494323643262,10,0.14285714285714285
1032,0.75,-0.13899790902705952,0.21444281524926687,8,1.0
1033,0.7777777777777778,-0.12216567039031383,0.04428964568283454,9,1.0
1034,0.6,-0.05750102434333849,0.08465119078670169,5,1.0
1035,1.0,-0.007163323782235058,,1,1.0
1036,1.0,-0.11296713124469288,,3,1.0
1037,0.7,-0.09577507282704803,0.16908834505639056,10,0.03333333333333333
1038,0.7954545454545454,-0.09986223265186252,0.11903393068111041,44,0.011111111111111112
1039,1.0,-0.007163323782235058,,1,1.0
1040,0.5714285714285714,-0.04110422967065723,0.17884795163533668,7,1.0
1041,0.8235294117647058,-0.11432456956554936,0.13620477239110143,17,0.030303030303030304
1042,0.9411764705882353,-0.12067197256550945,0.016483516483516498,17,0.005
1043,0.5,-0.03409697071787536,0.060690286785299696,4,1.0
1044,0.8571428571428571,-0.10379470912691798,0.20512820512820512,7,0.005
1045,0.8441558441558441,-0.13531292241678303,0.11342470227680515,77,1.0
1046,0.9375,-0.12584595733941423,0.016483516483516498,16,0.005
1047,0.75,-0.07830928429275713,0.024390243902439157,4,0.004
1048,0.9333333333333333,-0.12353927322910661,0.016483516483516498,15,0.005
1049,0.6818181818181818,-0.119536889879108,0.20190230814500967,44,0.00016666666666666666
1050,0.75,-0.11654807229513497,0.6257978638609916,8,0.0007407407407407407
1051,0.75,-0.20024529446170203,0.06097560975609762,4,1.0
1052,0.8181818181818182,-0.15220594617195948,0.08157338186110562,11,1.0
1053,1.0,-0.13283652363869286,,2,1.0
1054,0.7142857142857143,-0.11822132311779834,0.6257978638609916,7,0.0007407407407407407
1055,0.75,-0.20024529446170203,0.06097560975609762,4,1.0
1056,0.5,-0.12048192771084347,0.01902173913043474,2,0.02
1057,0.6666666666666666,-0.1154263017845719,0.6257978638609916,6,0.0007407407407407407
1058,0.7,-0.1142299870313026,0.1283131630401458,20,0.33333
1059,0.0,,0.01902173913043474,1,0.02
1060,0.6666666666666666,-0.1154263017845719,0.6257978638609916,6,0.0007407407407407407
1061,0.36363636363636365,-0.08123883427150534,0.05348357015453207,11,1.0
1062,0.6666666666666666,-0.24139893751581087,0.06097560975609762,3,1.0
1063,0.5714285714285714,-0.08554673144060185,0.08469290499101476,14,2.0
1064,1.0,-0.061414145450476056,,7,1.0
1065,0.5,-0.06723460397072709,0.009163645455681964,4,1.0
1066,1.0,-0.08816716933087794,,3,0.03333333333333333
1067,0.36363636363636365,-0.07517461911971327,0.15386300813014422,11,1.0
1068,1.0,-0.12268219528688258,,6,1.0
1069,1.0,-0.35593220338983056,,1,1.0
1070,0.16666666666666666,-0.09308200544111941,0.13711999710564057,6,1.0
1071,0.6666666666666666,-0.033997788561950924,0.012499999999999956,3,1.0
1072,0.5,-0.10607279292402039,0.19993562253184985,10,1.0
1073,0.2,-0.09308200544111941,0.16287726910932343,5,1.0
1074,0.6956521739130435,-0.07241035918793184,0.2209558053599003,23,0.02
1075,0.875,-0.06228851200236927,0.12793733681462147,8,1.0
1076,0.9444444444444444,-0.1574474764350166,0.030000000000000027,18,0.0005
1077,0.8,-0.17534920593260495,0.336842105263158,5,1.0
1078,0.828125,-0.11201275896502004,0.09762953115992615,64,1.0
1079,0.5384615384615384,-0.10641114172643573,0.20785652845181693,13,1.0
1080,0.25,-0.09308200544111941,0.06902154399761641,4,1.0
1081,0.9411764705882353,-0.13418794371220516,0.030000000000000027,17,0.0005
1082,0.9375,-0.14091466654313442,0.030000000000000027,16,0.0005
1083,0.828125,-0.11201275896502004,0.09762953115992615,64,1.0
1084,0.8571428571428571,-0.07824368892639944,0.28409090909090906,7,0.02
1085,0.7142857142857143,-0.12723865133907275,0.26411869876155597,14,1.0
1086,0.0,,0.06285714285714292,1,1.0
1087,1.0,-0.08039215686274495,,1,1.0
1088,0.8,-0.09072736208303636,0.009566685424873479,10,0.08333333333333333
1089,1.0,-0.2050464852209768,,6,0.0025
1090,0.6923076923076923,-0.12072731171401399,0.26411869876155597,13,1.0
1091,0.625,-0.06980502089240334,0.4155479153122615,8,0.0004
1092,0.5,-0.015503875968992262,0.026315789473684265,2,1.0
1093,0.75,-0.12072731171401399,0.33155219780219786,12,1.0
1094,0.75,-0.12072731171401399,0.33155219780219786,12,1.0
1095,1.0,-0.1588432162606267,,2,1.0
1096,1.0,-0.1911538214808584,,5,0.0025
1097,0.6666666666666666,-0.1340038716861218,0.1359990018209892,15,0.002026666666666667
1098,0.75,-0.11854034315062481,0.35044041457991093,44,0.4
1099,0.4444444444444444,-0.07968093824497258,0.19993562253184985,9,1.0
1100,0.7272727272727273,-0.09498907994962251,0.33155219780219786,11,1.0
1101,0.8,-0.09087724887556214,0.20512820512820512,5,0.005
1102,0.6666666666666666,-0.10953266784929529,0.08503172951012318,6,0.05
1103,0.828125,-0.11201275896502004,0.09762953115992615,64,1.0
1104,0.6744186046511628,-0.11271325041398958,0.20190230814500967,43,0.00016666666666666666
1105,0.7777777777777778,-0.08216593970401882,0.02571556350626116,9,1.0
1106,0.7,-0.09577507282704803,0.16908834505639056,10,0.03333333333333333
1107,1.0,-0.20790779409245236,,4,0.0025
1108,0.5,-0.0042736842105262655,0.041290322580645196,2,0.05
1109,0.5,-0.09133858267716537,0.22663551401869153,2,0.16667
1110,0.7272727272727273,-0.1075159790465026,0.27742745581480077,11,1.0
1111,0.9230769230769231,-0.12131167956258564,0.09339527313417652,39,3.2699999999999996e-06
1112,0.5,-0.494949494949495,0.1652661064425771,2,1.0
1113,0.5,-0.12160699715010367,0.23498338969773588,10,1.0
1114,0.5714285714285714,-0.0854886936043009,0.06116791525639749,7,1.6599999999999995
1115,0.9166666666666666,-0.11832922967281158,0.10948905109489034,12,0.006666666666666667
1116,0.8571428571428571,-0.09979108578700518,0.08097165991902834,14,1.0
1117,1.0,-0.048073476702508965,,3,1.0
1118,1.0,-0.494949494949495,,1,1.0
1119,0.42857142857142855,-0.07491059879783914,0.2185112138663559,7,1.0
1120,0.7,-0.09577507282704803,0.16908834505639056,10,0.03333333333333333
1121,0.6666666666666666,-0.07874852755936702,0.055176145693387114,15,0.16667
1122,0.6,-0.07491059879783914,0.09376249500199918,5,1.0
1123,0.9210526315789473,-0.1230958550459344,0.09339527313417652,38,3.2699999999999996e-06
1124,0.631578947368421,-0.0873275539690379,0.07506533410748814,19,1.0
1125,0.75,-0.07491059879783914,0.06557377049180321,4,1.0
1126,0.65,-0.08923620083330562,0.14761136842172798,20,1.0
1127,0.6111111111111112,-0.07947345635374804,0.07506533410748814,18,1.0
1128,1.0,-0.051384712217637636,,2,1.0
1129,0.7441860465116279,-0.1121535830407485,0.35044041457991093,43,0.4
1130,0.918918918918919,-0.1221312173672362,0.09339527313417652,37,3.2699999999999996e-06
1131,0.7142857142857143,-0.12381076834411257,0.10535318778674259,7,0.06666666666666667
1132,0.875,-0.1124007196808293,0.10280373831775715,8,1.0
1133,0.625,-0.09073429841972039,0.19004494323643262,8,0.14285714285714285
1134,1.0,-0.12682926829268285,,1,1.0
1135,0.8333333333333334,-0.12828982127984745,0.015822784810126524,6,1.0
1136,0.5714285714285714,-0.06142982983451245,0.4155479153122615,7,0.0004
1137,0.3333333333333333,-0.11551827263359461,0.11656419445836787,12,0.033334
1138,0.7272727272727273,-0.09498907994962251,0.33155219780219786,11,1.0
1139,0.6875,-0.12298958896303686,0.4555262542972982,16,0.05
1140,0.78125,-0.10970831150796291,0.03483712433768931,32,0.33333
1141,0.9166666666666666,-0.11883579271532728,0.09339527313417652,36,3.2699999999999996e-06
1142,0.8461538461538461,-0.18210860237257845,0.5284855636556423,13,0.06666666666666667
1143,0.9166666666666666,-0.11883579271532728,0.09339527313417652,36,3.2699999999999996e-06
1144,0.8333333333333334,-0.11925670629246757,0.37222222222222223,24,0.02
1145,1.0,-0.12162541205382985,,2,1.0
1146,0.75,-0.14982947559461826,0.336842105263158,4,1.0
1147,0.8571428571428571,-0.05973128401696374,0.07156673114119924,7,0.008
1148,0.5,-0.12916267801934245,0.19926608942214213,8,1.0
1149,0.7837837837837838,-0.10604990777448228,0.11603877792126906,37,0.011111111111111112
1150,0.7777777777777778,-0.10602196526154786,0.11603877792126906,36,0.011111111111111112
1151,0.7419354838709677,-0.07201538849755193,0.13756012723649033,93,8.333500000000001e-05
1152,0.6818181818181818,-0.10868640954859618,0.1202471346003924,22,0.1
1153,0.6744186046511628,-0.11271325041398958,0.20190230814500967,43,0.00016666666666666666
1154,0.7222222222222222,-0.10757813452249934,0.19021065048870914,18,0.5
1155,0.5,-0.05402772478530091,0.08073830409356726,6,0.0059243504
1156,0.6666666666666666,-0.09279836090107739,0.05981021825607111,15,1.0
1157,0.6666666666666666,-0.12653555025742208,0.4555262542972982,15,0.05
1158,0.8571428571428571,-0.11004536784267828,0.06668045545054266,14,0.025
1159,0.6,-0.04899476332139655,0.27151128234519945,5,0.25
1160,0.8076923076923077,-0.11032968276859607,0.1550240777926521,26,1.0
1161,0.6818181818181818,-0.10868640954859618,0.1202471346003924,22,0.1
1162,0.7142857142857143,-0.13114197090889892,0.04428964568283454,7,1.0
1163,0.8571428571428571,-0.10729963573229083,0.0472103004291845,7,0.2
1164,0.7142857142857143,-0.09043784989472554,0.2779866332497911,7,0.09091
1165,0.8253968253968254,-0.1117478858004625,0.09762953115992615,63,1.0
1166,1.0,-0.14540297085946796,,7,0.001
1167,0.6666666666666666,-0.06927537685810604,0.2209558053599003,21,0.02
1168,0.6585365853658537,-0.1141354671866429,0.20190230814500967,41,0.00016666666666666666
1169,1.0,-0.009106239460370981,,1,1.0
1170,0.675,-0.1141354671866429,0.21247860259083004,40,0.00016666666666666666
1171,0.5,-0.03409697071787536,0.060690286785299696,4,1.0
1172,0.7777777777777778,-0.10858969033886012,0.30143530136926,9,1.0
1173,0.7291666666666666,-0.0770452504547127,0.06563143365078464,48,0.005
1174,0.8421052631578947,-0.13695081487832575,0.11342470227680515,76,1.0
1175,0.5,-0.04723977311268326,0.4155479153122615,6,0.0004
1176,0.8225806451612904,-0.11205993584883757,0.09762953115992615,62,1.0
1177,0.9393939393939394,-0.11170524749067233,0.11723576684412192,33,3.2699999999999995e-05
1178,0.6666666666666666,-0.07133961395018941,0.33155219780219786,9,1.0
1179,0.8666666666666667,-0.06899227066394421,0.09613798275215597,15,0.2
1180,0.8666666666666667,-0.06899227066394421,0.09613798275215597,15,0.2
1181,0.75,-0.07887710549869484,0.08978328173374614,4,1.0
1182,0.75,-0.11719430117592751,0.30143530136926,8,1.0
1183,0.6666666666666666,-0.09279836090107739,0.05981021825607111,15,1.0
1184,0.8461538461538461,-0.11676926726230322,0.06668045545054266,13,0.025
1185,0.4,-0.04489651059029795,0.4155479153122615,5,0.0004
1186,0.7142857142857143,-0.13114197090889892,0.04428964568283454,7,1.0
1187,,,,0,
1188,0.8,-0.20656977239247482,0.16477272727272715,5,1.0
1189,0.4,-0.04489651059029795,0.4155479153122615,5,0.0004
1190,0.25,-0.04678226849242392,0.4155479153122615,4,0.0004
1191,0.6666666666666666,-0.07874852755936702,0.055176145693387114,15,0.16667
1192,0.3333333333333333,-0.04678226849242392,0.610483071256552,3,0.0004
1193,0.6,-0.11683045345120498,0.08503172951012318,5,0.05
1194,0.84,-0.0953818421780299,0.22414211754710026,25,0.125
1195,0.8571428571428571,-0.10387694252645391,0.010000000000000009,7,2.25
1196,0.0,,0.610483071256552,2,0.0004
1197,0.75,-0.14982947559461826,0.336842105263158,4,1.0
1198,0.6666666666666666,-0.10882691254571498,0.1202471346003924,21,0.1
1199,0.0,,1.0717948717948718,1,0.0004
1200,0.6666666666666666,-0.12868156199677938,0.04428964568283454,6,1.0
1201,0.7857142857142857,-0.11619994676853442,0.07341152759128888,42,0.125
1202,0.5714285714285714,-0.12916267801934245,0.19482197749723937,7,1.0
1203,1.0,-0.10539845758354759,,1,1.0
1204,0.9166666666666666,-0.11676926726230322,0.0013812154696132301,12,0.025
1205,0.6666666666666666,-0.10882691254571498,0.1202471346003924,21,0.1
1206,0.6666666666666666,-0.1644252719814518,0.0864285714285715,3,1.0
1207,0.6666666666666666,-0.09279836090107739,0.05981021825607111,15,1.0
1208,0.5,-0.18940609951845916,0.0864285714285715,2,1.0
1209,0.7380952380952381,-0.11550484498367854,0.35044041457991093,42,0.4
1210,0.6666666666666666,-0.09279836090107739,0.05981021825607111,15,1.0
1211,0.6875,-0.11585146262986784,0.19021065048870914,16,0.5
1212,0.7317073170731707,-0.11287589309865025,0.35044041457991093,41,0.4
1213,0.7142857142857143,-0.107758984342638,0.07918199654573234,14,1.0
1214,0.6666666666666666,-0.09041277529248867,0.160337552742616,3,0.05
1215,0.65,-0.07005259064464218,0.2209558053599003,20,0.02
1216,0.9,-0.11491251504663912,0.016483516483516498,10,0.1
1217,0.625,-0.05318329431598488,0.33155219780219786,8,1.0
1218,0.9090909090909091,-0.10665848449132682,0.0013812154696132301,11,0.025
1219,1.0,-0.10910559579406122,,11,0.05555555555555555
1220,1.0,-0.03736589819675873,,2,1.0
1221,0.6470588235294118,-0.07947345635374804,0.062020667569847254,17,1.0
1222,,,,0,
1223,0.6153846153846154,-0.1265424987182239,0.4555262542972982,13,0.05
1224,0.5833333333333334,-0.13357107169458682,0.4555262542972982,12,0.05
1225,0.5454545454545454,-0.1112429037609058,0.4555262542972982,11,0.05
1226,0.5,-0.10907045840407469,0.24223296624585902,4,1.0
1227,0.875,-0.08216593970401882,0.01937984496124024,8,1.0
1228,1.0,-0.1295079182581315,,6,0.001
1229,0.7777777777777778,-0.08448072717880939,0.24213729624928798,9,1.0
1230,0.9,-0.12596724296424178,0.10948905109489034,10,0.1
1231,0.3333333333333333,-0.1702811244979919,0.02997664133585591,3,1.0
1232,0.7777777777777778,-0.15644964396734148,0.08157338186110562,9,1.0
1233,0.7560975609756098,-0.11155706775020176,0.21855874490914692,41,0.1
1234,0.6,-0.05402772478530091,0.11584429824561408,5,0.0059243504
1235,0.6666666666666666,-0.07277974467520147,0.14233576642335766,6,1.0
1236,1.0,-0.07198576995825896,,7,0.1
1237,1.0,-0.2839506172839507,,1,0.05
1238,0.8225806451612904,-0.11205993584883757,0.09762953115992615,62,1.0
1239,0.8,-0.11482002733611094,0.15960011792204512,10,1.0
1240,0.0,,0.026315789473684265,1,1.0
1241,1.0,-0.15978097809780975,,2,1.0
1242,1.0,-0.09423076923076927,,1,1.0
1243,0.8571428571428571,-0.09584608717215237,0.016483516483516498,7,0.1
1244,0.75,-0.10958457976463938,0.21855874490914692,40,0.1
1245,0.3333333333333333,-0.13482605127517255,0.1349112762442942,9,0.033334
1246,0.725,-0.11386557616498011,0.35044041457991093,40,0.4
1247,0.8695652173913043,-0.11925670629246757,0.37222222222222223,23,0.02
1248,0.8333333333333334,-0.039177540820356495,0.07156673114119924,6,0.008
1249,0.725,-0.11386557616498011,0.35044041457991093,40,0.4
1250,0.5909090909090909,-0.10813231076255875,0.207628784927456,22,1.0
1251,0.717948717948718,-0.11063648404079998,0.35044041457991093,39,0.4
1252,0.6363636363636364,-0.10129636327660411,0.05767578047649765,66,0.0052631499999999986
1253,0.6875,-0.11585146262986784,0.19021065048870914,16,0.5
1254,0.6666666666666666,-0.1814155251141552,0.031185031185031263,3,1.0
1255,0.8947368421052632,-0.0887365146447677,0.08518518518518507,19,0.125
1256,0.75,-0.16939327149725195,0.08157338186110562,8,1.0
1257,0.7105263157894737,-0.11144382534628477,0.35044041457991093,38,0.4
1258,1.0,-0.05934718100890213,,1,1.0
1259,,,,0,
1260,1.0,-0.08705099288982777,,3,1.0
1261,1.0,-0.14400000000000004,,1,1.0
1262,0.723404255319149,-0.0768603068406356,0.06563143365078464,47,0.005
1263,0.75,-0.16939327149725195,0.08157338186110562,8,1.0
1264,0.6666666666666666,-0.15043586019039298,0.2595436894461955,18,1.0
1265,0.7297297297297297,-0.11144382534628477,0.3736755948125029,37,0.4
1266,0.7777777777777778,-0.0917007850659121,0.26606622363422083,45,0.0010582433857142855
1267,0.6,-0.1465959980571103,0.11857282635031063,10,0.002026666666666667
1268,0.6818181818181818,-0.11588053627410842,0.1380234327884249,66,1.0
1269,0.7142857142857143,-0.1166810656027298,0.30143530136926,7,1.0
1270,1.0,-0.07643052819400101,,6,0.1
1271,0.7333333333333333,-0.11585146262986784,0.19021065048870914,15,0.5
1272,0.6666666666666666,-0.09074999999999997,0.20512820512820512,3,0.005
1273,0.14285714285714285,-0.07416666666666671,0.1515908671413319,7,1.0
1274,0.16666666666666666,-0.07416666666666671,0.17751745776996425,6,1.0
1275,0.6307692307692307,-0.10128162240100064,0.05767578047649765,65,0.0052631499999999986
1276,0.2,-0.07416666666666671,0.1957421686085365,5,1.0
1277,0.7142857142857143,-0.107758984342638,0.07918199654573234,14,1.0
1278,0.5555555555555556,-0.14748544560241666,0.11857282635031063,9,0.002026666666666667
1279,0.6923076923076923,-0.10380368889663741,0.07918199654573234,13,1.0
1280,0.7435897435897436,-0.11051046827550143,0.21855874490914692,39,0.1
1281,0.6666666666666666,-0.11421942304625975,0.07918199654573234,12,1.0
1282,0.625,-0.14748544560241666,0.08754693998811647,8,0.002026666666666667
1283,0.7631578947368421,-0.11051046827550143,0.2367146193101899,38,0.1
1284,0.8571428571428571,-0.1181593572618132,0.24178571428571438,14,1.0
1285,0.7837837837837838,-0.11051046827550143,0.25701340618342305,37,0.1
1286,0.8333333333333334,-0.10105290694974171,0.06947618552266212,18,0.1
1287,0.6363636363636364,-0.11625076919572543,0.07918199654573234,11,1.0
1288,1.0,-0.23629592840735772,,3,1.0
1289,0.5,-0.17894736842105266,0.08904109589041104,2,1.0
1290,0.7741935483870968,-0.10735366452320756,0.03483712433768931,31,0.33333
1291,0.5,-0.07165775401069518,0.07604017216642758,2,0.011111111111111112
1292,0.8333333333333334,-0.12828982127984745,0.015822784810126524,6,1.0
1293,0.8636363636363636,-0.1178778726523582,0.37222222222222223,22,0.02
1294,0.6666666666666666,-0.11736304401074973,0.20645664821910029,6,1.0
1295,0.4,-0.05338926810769818,0.0828219704338612,5,1.0
1296,0.4,-0.16960200119474317,0.18811047074144358,5,0.033334
1297,0.8461538461538461,-0.18210860237257845,0.5284855636556423,13,0.06666666666666667
1298,0.5,-0.16960200119474317,0.2450228489693082,4,0.033334
1299,0.8333333333333334,-0.10899212101828389,0.0472103004291845,6,0.2
1300,0.9354838709677419,-0.11159216191451261,0.11723576684412192,31,3.2699999999999995e-05
1301,0.7142857142857143,-0.07874852755936702,0.07629870129870131,14,0.16667
1302,0.8360655737704918,-0.11205993584883757,0.10084366905810287,61,1.0
1303,0.8571428571428571,-0.11748219891082254,0.37222222222222223,21,0.02
1304,0.8,-0.13381360403343762,0.015822784810126524,5,1.0
1305,0.7142857142857143,-0.10427276708494501,0.19021065048870914,14,0.5
1306,0.8,-0.13381360403343762,0.015822784810126524,5,1.0
1307,0.75,-0.09866527886232418,0.19584079703168417,16,2.0
1308,0.9130434782608695,-0.08880571051438182,0.2566044822837111,23,1.0
1309,0.5,-0.10193548387096775,0.2791327913279134,2,0.033334
1310,0.8,-0.13381360403343762,0.015822784810126524,5,1.0
1311,0.7727272727272727,-0.09153308470306842,0.26606622363422083,44,0.0010582433857142855
1312,0.7142857142857143,-0.09073429841972039,0.2303055100927442,7,0.14285714285714285
1313,0.7727272727272727,-0.09153308470306842,0.26606622363422083,44,0.0010582433857142855
1314,0.6862745098039216,-0.08873885486423456,0.12802693260237635,51,0.125
1315,0.6666666666666666,-0.11735104359384341,0.10094636576468019,9,1.0
1316,0.8181818181818182,-0.12899270922618267,0.3446811074348074,44,0.1
1317,0.7142857142857143,-0.09073429841972039,0.2303055100927442,7,0.14285714285714285
1318,0.625,-0.1189164904078502,0.10094636576468019,8,1.0
1319,0.6,-0.04899476332139655,0.27151128234519945,5,0.25
1320,1.0,-0.0107526881720431,,1,1.0
1321,0.6666666666666666,-0.11096689263249362,0.2303055100927442,6,0.14285714285714285
1322,0.0,,0.03362133185317186,2,1.0
1323,1.0,-0.06069300375193114,,2,1.0
1324,1.0,-0.06228851200236927,,7,1.0
1325,0.68,-0.09027930246719333,0.12802693260237635,50,0.125
1326,1.0,-0.0979210381333034,,9,0.05
1327,0.8461538461538461,-0.05659731985728365,0.0748523584442237,13,1.0
1328,1.0,-0.10193548387096775,,1,0.033334
1329,0.85,-0.11478907495719745,0.37222222222222223,20,0.02
1330,0.9444444444444444,-0.10097163907493387,0.11397058823529396,18,1.0
1331,0.6875,-0.09090087400073055,0.13429734065586862,48,0.125
1332,1.0,-0.050913494431578436,,6,1.0
1333,0.6923076923076923,-0.09427090605170213,0.05981021825607111,13,1.0
1334,0.6428571428571429,-0.053778654655746584,0.04067320431651064,14,1.0
1335,0.8333333333333334,-0.05892371850967868,0.0748523584442237,12,1.0
1336,0.8823529411764706,-0.10105290694974171,0.1025531487158868,17,0.1
1337,0.6,-0.04899476332139655,0.27151128234519945,5,0.25
1338,0.8533333333333334,-0.13695081487832575,0.12338930691533838,75,1.0
1339,0.8181818181818182,-0.12899270922618267,0.3446811074348074,44,0.1
1340,0.8421052631578947,-0.11154672547535562,0.37222222222222223,19,0.02
1341,0.8,-0.12111637468982926,0.0643564356435643,5,1.0
1342,0.75,-0.12498602514871288,0.15960011792204512,8,1.0
1343,0.8333333333333334,-0.10839493854626167,0.37222222222222223,18,0.02
1344,0.8,-0.13381360403343762,0.015822784810126524,5,1.0
1345,0.875,-0.09469631109838196,0.1025531487158868,16,0.1
1346,0.6875,-0.06378674494098767,0.19266750044115416,16,0.1
1347,0.875,-0.09469631109838196,0.1025531487158868,16,0.1
1348,0.75,-0.16093179991343598,0.015822784810126524,4,1.0
1349,0.8333333333333334,-0.11170699230640009,0.10084366905810287,60,1.0
1350,0.75,-0.04899476332139655,0.026762402088772855,4,0.25
1351,0.6666666666666666,-0.15711595258245387,0.21293390881691604,15,1.0
1352,0.8,-0.09632172178891045,0.37222222222222223,15,0.02
1353,0.723404255319149,-0.0768603068406356,0.06563143365078464,47,0.005
1354,1.0,-0.076158989422319,,4,0.02
1355,1.0,-0.10273281119028328,,10,1.0
1356,1.0,-0.07201376269042818,,6,1.0
1357,0.75,-0.04899476332139655,0.026762402088772855,4,0.25
1358,0.8333333333333334,-0.19369024912669025,0.5284855636556423,12,0.06666666666666667
1359,0.3076923076923077,-0.14631294824578406,0.0784042240321134,13,1.0
1360,0.75,-0.15315516625310568,0.0643564356435643,4,1.0
1361,0.8,-0.11453499859245324,0.12591795367041328,20,1.0
1362,0.75,-0.0555620904009814,0.35544815465729346,4,1.0
1363,0.5,-0.017364528216892952,0.059547745871878645,6,1.0
1364,0.8275862068965517,-0.11198620636912772,0.10084366905810287,58,1.0
1365,0.9310344827586207,-0.11262766432680016,0.11723576684412192,29,3.2699999999999995e-05
1366,0.75,-0.09427090605170213,0.07119994912775292,12,1.0
1367,0.8275862068965517,-0.11198620636912772,0.10084366905810287,58,1.0
1368,0.7647058823529411,-0.11014416121595248,0.25701340618342305,34,0.1
1369,0.9230769230769231,-0.09632172178891045,0.4166666666666668,13,0.02
1370,0.75,-0.09427090605170213,0.07119994912775292,12,1.0
1371,0.5,-0.07750000000000001,0.20512820512820512,2,0.005
1372,0.9047619047619048,-0.08587297828782552,0.2566044822837111,21,1.0
1373,0.8,-0.06438192086437107,0.0748523584442237,10,1.0
1374,0.8292682926829268,-0.1319202675256655,0.3689212656397799,41,0.1
1375,0.875,-0.0868005441190955,0.05783582089552231,16,1.0
1376,0.8,-0.11453499859245324,0.12591795367041328,20,1.0
1377,0.6363636363636364,-0.04564202039599356,0.04073121127799123,11,1.0
1378,0.75,-0.09541962495926687,0.2836879432624115,4,0.14285714285714285
1379,0.8205128205128205,-0.13426749665798246,0.3689212656397799,39,0.1
1380,0.9,-0.0853694377004403,0.2566044822837111,20,1.0
1381,0.6153846153846154,-0.14591474771288246,0.21293390881691604,13,1.0
1382,0.8333333333333334,-0.19369024912669025,0.5284855636556423,12,0.06666666666666667
1383,0.8333333333333334,-0.08897200666123391,0.11086956521739146,6,1.0
1384,0.6,-0.12360734635223251,0.20645664821910029,5,1.0
1385,0.8108108108108109,-0.13983619900509814,0.3689212656397799,37,0.1
1386,0.8888888888888888,-0.09217156979394771,0.2566044822837111,18,1.0
1387,0.6,-0.050622761169063175,0.04073121127799123,10,1.0
1388,0.6571428571428571,-0.11083828455825655,0.10960069551707295,35,0.0033333333333333335
1389,0.8823529411764706,-0.09344454624174935,0.2566044822837111,17,1.0
1390,0.7111111111111111,-0.07664845101817533,0.06563143365078464,45,0.005
1391,0.7741935483870968,-0.11214879630000345,0.21965553299269508,31,0.1
1392,0.3076923076923077,-0.14631294824578406,0.0784042240321134,13,1.0
1393,0.5714285714285714,-0.0854886936043009,0.06116791525639749,7,1.6599999999999995
1394,0.5555555555555556,-0.05335973310308993,0.04073121127799123,9,1.0
1395,0.875,-0.13432809369769594,0.43722943722943713,8,0.2
1396,0.6666666666666666,-0.13843815513626834,0.15960011792204512,6,1.0
1397,0.9285714285714286,-0.10218340851229134,0.015686274509803935,14,0.1
1398,0.8055555555555556,-0.14015561109466557,0.3689212656397799,36,0.1
1399,1.0,-0.07750000000000001,,1,0.005
1400,0.8,-0.1413565540044039,0.3689212656397799,35,0.1
1401,0.6153846153846154,-0.14591474771288246,0.21293390881691604,13,1.0
1402,0.8780487804878049,-0.10299507504367751,0.3320152010286171,41,0.05
1403,0.7777777777777778,-0.055845347982926556,0.0748523584442237,9,1.0
1404,0.5555555555555556,-0.05958140307094713,0.024818508754755737,9,1.0
1405,0.8333333333333334,-0.19369024912669025,0.5284855636556423,12,0.06666666666666667
1406,0.3333333333333333,-0.14631294824578406,0.0853201366515122,12,1.0
1407,0.5714285714285714,-0.09920531450235004,0.10094636576468019,7,1.0
1408,1.0,-0.0593331818951805,,5,1.0
1409,0.9411764705882353,-0.0961962482651892,0.11397058823529396,17,1.0
1410,0.7941176470588235,-0.14170029779352575,0.3689212656397799,34,0.1
1411,0.7878787878787878,-0.14242247893789722,0.3689212656397799,33,0.1
1412,0.8493150684931506,-0.13905681976273826,0.12338930691533838,73,1.0
1413,0.8181818181818182,-0.2015571807159504,0.5284855636556423,11,0.06666666666666667
1414,0.8,-0.1755580080807251,0.5284855636556423,10,0.06666666666666667
1415,0.5833333333333334,-0.14386204196568533,0.21293390881691604,12,1.0
1416,0.5454545454545454,-0.13381127118218844,0.21293390881691604,11,1.0
1417,0.6842105263157895,-0.08583159510302565,0.06369571424241341,19,0.125
1418,1.0,-0.12882722342874514,,5,0.001
1419,0.8888888888888888,-0.0882132362096209,0.08518518518518507,18,0.125
1420,0.7142857142857143,-0.07874852755936702,0.07629870129870131,14,0.16667
1421,1.0,-0.15707762557077617,,1,1.0
1422,0.6666666666666666,-0.13381127118218844,0.12868071964515193,9,1.0
1423,0.6938775510204082,-0.11910149969791707,0.23113481304266023,49,1.0
1424,0.9166666666666666,-0.11860952181563154,0.4800000000000001,12,1.0
1425,0.5,-0.06346002414824922,0.07607999402677729,4,1.0
1426,0.78125,-0.14117259938392854,0.3689212656397799,32,0.1
1427,0.9375,-0.09910055955304392,0.11397058823529396,16,1.0
1428,1.0,-0.0593331818951805,,5,1.0
1429,,,,0,
1430,0.7543859649122807,-0.09553192969177407,0.07929452434154113,57,1.0
1431,1.0,-0.11860952181563154,,11,1.0
1432,1.0,-0.0927355838521569,,6,1.0
1433,1.0,-0.0593331818951805,,5,1.0
1434,0.8333333333333334,-0.0964228883268357,0.01937984496124024,6,1.0
1435,0.6666666666666666,-0.062054245405799416,0.0562500000000001,3,0.0059243504
1436,0.75,-0.10639195472601709,0.21965553299269508,28,0.1
1437,0.8333333333333334,-0.08897200666123391,0.11086956521739146,6,1.0
1438,0.8333333333333334,-0.07375688901807508,0.44134078212290506,6,1.0
1439,0.9285714285714286,-0.09660486400041048,0.11397058823529396,14,1.0
1440,0.5,-0.015789473684210423,0.05454545454545439,2,4.0
